claim_id,image_path,claim_type_text,image_damage_type,is_mismatch,description
CLM-007058,/Users/brajkishoreyadav/Downloads/AiMl/ClaimGraph-AI/data/synthetic_images/claim_CLM_007058.png,screen_damage,screen_damage,False,"Device showing signs of damage, requesting repair coverage"
CLM-005725,/Users/brajkishoreyadav/Downloads/AiMl/ClaimGraph-AI/data/synthetic_images/claim_CLM_005725.png,battery_issue,battery_issue,False,"Battery not holding charge, shuts down at 40% randomly"
CLM-002888,/Users/brajkishoreyadav/Downloads/AiMl/ClaimGraph-AI/data/synthetic_images/claim_CLM_002888.png,accidental_damage,accidental_damage,False,"Device fell from pocket while running, multiple scratches and broken glass"
CLM-003847,/Users/brajkishoreyadav/Downloads/AiMl/ClaimGraph-AI/data/synthetic_images/claim_CLM_003847.png,battery_issue,battery_issue,False,"Charging takes over 8 hours for full charge, battery degraded"
CLM-001173,/Users/brajkishoreyadav/Downloads/AiMl/ClaimGraph-AI/data/synthetic_images/claim_CLM_001173.png,screen_damage,mechanical_failure,True,Touch screen unresponsive in bottom half after impact
CLM-001935,/Users/brajkishoreyadav/Downloads/AiMl/ClaimGraph-AI/data/synthetic_images/claim_CLM_001935.png,battery_issue,accidental_damage,True,"Battery not holding charge, shuts down at 40% randomly"
CLM-005147,/Users/brajkishoreyadav/Downloads/AiMl/ClaimGraph-AI/data/synthetic_images/claim_CLM_005147.png,mechanical_failure,mechanical_failure,False,"Camera module not functioning, shows black screen"
CLM-003768,/Users/brajkishoreyadav/Downloads/AiMl/ClaimGraph-AI/data/synthetic_images/claim_CLM_003768.png,water_damage,water_damage,False,"Water leaked into bag during storm, device screen has water marks"
CLM-006025,/Users/brajkishoreyadav/Downloads/AiMl/ClaimGraph-AI/data/synthetic_images/claim_CLM_006025.png,mechanical_failure,mechanical_failure,False,"Device stopped turning on suddenly, no response to charging"
CLM-006812,/Users/brajkishoreyadav/Downloads/AiMl/ClaimGraph-AI/data/synthetic_images/claim_CLM_006812.png,screen_damage,accidental_damage,True,Touch screen unresponsive in bottom half after impact
CLM-006691,/Users/brajkishoreyadav/Downloads/AiMl/ClaimGraph-AI/data/synthetic_images/claim_CLM_006691.png,battery_issue,battery_issue,False,"Device randomly shuts down, battery health shows 52%"
CLM-002111,/Users/brajkishoreyadav/Downloads/AiMl/ClaimGraph-AI/data/synthetic_images/claim_CLM_002111.png,water_damage,water_damage,False,"Water leaked into bag during storm, device screen has water marks"
CLM-006330,/Users/brajkishoreyadav/Downloads/AiMl/ClaimGraph-AI/data/synthetic_images/claim_CLM_006330.png,accidental_damage,battery_issue,True,"Device slipped from hand in parking lot, back panel cracked"
CLM-002416,/Users/brajkishoreyadav/Downloads/AiMl/ClaimGraph-AI/data/synthetic_images/claim_CLM_002416.png,battery_issue,mechanical_failure,True,"Battery not holding charge, shuts down at 40% randomly"
CLM-002828,/Users/brajkishoreyadav/Downloads/AiMl/ClaimGraph-AI/data/synthetic_images/claim_CLM_002828.png,accidental_damage,accidental_damage,False,"Device dropped on concrete floor, screen completely shattered"
CLM-004815,/Users/brajkishoreyadav/Downloads/AiMl/ClaimGraph-AI/data/synthetic_images/claim_CLM_004815.png,theft,screen_damage,True,"Device stolen from car, filed police report #PR-21886"
CLM-007035,/Users/brajkishoreyadav/Downloads/AiMl/ClaimGraph-AI/data/synthetic_images/claim_CLM_007035.png,accidental_damage,accidental_damage,False,"Device showing signs of damage, requesting repair coverage"
CLM-003434,/Users/brajkishoreyadav/Downloads/AiMl/ClaimGraph-AI/data/synthetic_images/claim_CLM_003434.png,software_issue,software_issue,False,"Operating system corrupted after update, data inaccessible"
CLM-006787,/Users/brajkishoreyadav/Downloads/AiMl/ClaimGraph-AI/data/synthetic_images/claim_CLM_006787.png,water_damage,battery_issue,True,"Coffee spill on device, keyboard and trackpad not working"
CLM-005689,/Users/brajkishoreyadav/Downloads/AiMl/ClaimGraph-AI/data/synthetic_images/claim_CLM_005689.png,screen_damage,screen_damage,False,LCD bleeding visible on left side of screen
CLM-000246,/Users/brajkishoreyadav/Downloads/AiMl/ClaimGraph-AI/data/synthetic_images/claim_CLM_000246.png,theft,theft,False,"Device pickpocketed in crowded area, report #PR-99221"
CLM-005785,/Users/brajkishoreyadav/Downloads/AiMl/ClaimGraph-AI/data/synthetic_images/claim_CLM_005785.png,software_issue,theft,True,"Device stuck in boot loop, factory reset not working"
CLM-004377,/Users/brajkishoreyadav/Downloads/AiMl/ClaimGraph-AI/data/synthetic_images/claim_CLM_004377.png,mechanical_failure,battery_issue,True,"Hinge mechanism broken, screen wobbly and disconnecting"
CLM-004636,/Users/brajkishoreyadav/Downloads/AiMl/ClaimGraph-AI/data/synthetic_images/claim_CLM_004636.png,screen_damage,screen_damage,False,Touch screen unresponsive in bottom half after impact
CLM-006735,/Users/brajkishoreyadav/Downloads/AiMl/ClaimGraph-AI/data/synthetic_images/claim_CLM_006735.png,screen_damage,mechanical_failure,True,Touch screen unresponsive in bottom half after impact
CLM-004861,/Users/brajkishoreyadav/Downloads/AiMl/ClaimGraph-AI/data/synthetic_images/claim_CLM_004861.png,screen_damage,screen_damage,False,Screen separated from body at the top edge
CLM-003129,/Users/brajkishoreyadav/Downloads/AiMl/ClaimGraph-AI/data/synthetic_images/claim_CLM_003129.png,mechanical_failure,mechanical_failure,False,"Hinge mechanism broken, screen wobbly and disconnecting"
CLM-004333,/Users/brajkishoreyadav/Downloads/AiMl/ClaimGraph-AI/data/synthetic_images/claim_CLM_004333.png,battery_issue,screen_damage,True,"Battery not holding charge, shuts down at 40% randomly"
CLM-001883,/Users/brajkishoreyadav/Downloads/AiMl/ClaimGraph-AI/data/synthetic_images/claim_CLM_001883.png,battery_issue,battery_issue,False,"Charging takes over 8 hours for full charge, battery degraded"
CLM-006553,/Users/brajkishoreyadav/Downloads/AiMl/ClaimGraph-AI/data/synthetic_images/claim_CLM_006553.png,accidental_damage,accidental_damage,False,"Device slipped from hand in parking lot, back panel cracked"
CLM-006992,/Users/brajkishoreyadav/Downloads/AiMl/ClaimGraph-AI/data/synthetic_images/claim_CLM_006992.png,screen_damage,screen_damage,False,Touch screen unresponsive in bottom half after impact
CLM-001380,/Users/brajkishoreyadav/Downloads/AiMl/ClaimGraph-AI/data/synthetic_images/claim_CLM_001380.png,water_damage,battery_issue,True,"Device exposed to rain, screen flickering and touch issues"
CLM-005639,/Users/brajkishoreyadav/Downloads/AiMl/ClaimGraph-AI/data/synthetic_images/claim_CLM_005639.png,mechanical_failure,mechanical_failure,False,"Camera module not functioning, shows black screen"
CLM-001979,/Users/brajkishoreyadav/Downloads/AiMl/ClaimGraph-AI/data/synthetic_images/claim_CLM_001979.png,software_issue,software_issue,False,"Device stuck in boot loop, factory reset not working"
CLM-001919,/Users/brajkishoreyadav/Downloads/AiMl/ClaimGraph-AI/data/synthetic_images/claim_CLM_001919.png,theft,theft,False,"Bag with device snatched at train station, police report filed"
CLM-001840,/Users/brajkishoreyadav/Downloads/AiMl/ClaimGraph-AI/data/synthetic_images/claim_CLM_001840.png,theft,theft,False,"Device stolen from gym locker, filed report with facility"
CLM-006663,/Users/brajkishoreyadav/Downloads/AiMl/ClaimGraph-AI/data/synthetic_images/claim_CLM_006663.png,water_damage,screen_damage,True,"Coffee spill on device, keyboard and trackpad not working"
CLM-001555,/Users/brajkishoreyadav/Downloads/AiMl/ClaimGraph-AI/data/synthetic_images/claim_CLM_001555.png,theft,theft,False,"Bag with device snatched at train station, police report filed"
CLM-000218,/Users/brajkishoreyadav/Downloads/AiMl/ClaimGraph-AI/data/synthetic_images/claim_CLM_000218.png,water_damage,water_damage,False,"Device dropped in sink, charging port corroded"
CLM-001872,/Users/brajkishoreyadav/Downloads/AiMl/ClaimGraph-AI/data/synthetic_images/claim_CLM_001872.png,software_issue,software_issue,False,"Operating system corrupted after update, data inaccessible"
CLM-001544,/Users/brajkishoreyadav/Downloads/AiMl/ClaimGraph-AI/data/synthetic_images/claim_CLM_001544.png,software_issue,software_issue,False,"Device freezing every 10 minutes, requires hard restart"
CLM-006832,/Users/brajkishoreyadav/Downloads/AiMl/ClaimGraph-AI/data/synthetic_images/claim_CLM_006832.png,software_issue,software_issue,False,"Device stuck in boot loop, factory reset not working"
CLM-005661,/Users/brajkishoreyadav/Downloads/AiMl/ClaimGraph-AI/data/synthetic_images/claim_CLM_005661.png,battery_issue,water_damage,True,"Battery not holding charge, shuts down at 40% randomly"
CLM-007065,/Users/brajkishoreyadav/Downloads/AiMl/ClaimGraph-AI/data/synthetic_images/claim_CLM_007065.png,mechanical_failure,mechanical_failure,False,"Device requires extensive repair, major component failure"
CLM-004559,/Users/brajkishoreyadav/Downloads/AiMl/ClaimGraph-AI/data/synthetic_images/claim_CLM_004559.png,screen_damage,screen_damage,False,LCD bleeding visible on left side of screen
CLM-003320,/Users/brajkishoreyadav/Downloads/AiMl/ClaimGraph-AI/data/synthetic_images/claim_CLM_003320.png,water_damage,water_damage,False,"Device fell into swimming pool, not turning on"
CLM-005170,/Users/brajkishoreyadav/Downloads/AiMl/ClaimGraph-AI/data/synthetic_images/claim_CLM_005170.png,software_issue,software_issue,False,"Operating system corrupted after update, data inaccessible"
CLM-005748,/Users/brajkishoreyadav/Downloads/AiMl/ClaimGraph-AI/data/synthetic_images/claim_CLM_005748.png,accidental_damage,accidental_damage,False,"Device dropped on concrete floor, screen completely shattered"
CLM-002836,/Users/brajkishoreyadav/Downloads/AiMl/ClaimGraph-AI/data/synthetic_images/claim_CLM_002836.png,screen_damage,battery_issue,True,LCD bleeding visible on left side of screen
CLM-005976,/Users/brajkishoreyadav/Downloads/AiMl/ClaimGraph-AI/data/synthetic_images/claim_CLM_005976.png,screen_damage,theft,True,Screen cracked from edge to edge after minor drop
CLM-006048,/Users/brajkishoreyadav/Downloads/AiMl/ClaimGraph-AI/data/synthetic_images/claim_CLM_006048.png,battery_issue,battery_issue,False,"Device randomly shuts down, battery health shows 52%"
CLM-002211,/Users/brajkishoreyadav/Downloads/AiMl/ClaimGraph-AI/data/synthetic_images/claim_CLM_002211.png,battery_issue,battery_issue,False,"Battery not holding charge, shuts down at 40% randomly"
CLM-004801,/Users/brajkishoreyadav/Downloads/AiMl/ClaimGraph-AI/data/synthetic_images/claim_CLM_004801.png,accidental_damage,accidental_damage,False,"Device fell from pocket while running, multiple scratches and broken glass"
CLM-001025,/Users/brajkishoreyadav/Downloads/AiMl/ClaimGraph-AI/data/synthetic_images/claim_CLM_001025.png,mechanical_failure,mechanical_failure,False,"Hinge mechanism broken, screen wobbly and disconnecting"
CLM-001047,/Users/brajkishoreyadav/Downloads/AiMl/ClaimGraph-AI/data/synthetic_images/claim_CLM_001047.png,software_issue,software_issue,False,"Apps crashing continuously, device unusable for work"
CLM-006587,/Users/brajkishoreyadav/Downloads/AiMl/ClaimGraph-AI/data/synthetic_images/claim_CLM_006587.png,screen_damage,screen_damage,False,"Dead pixels spreading across display, started as small cluster"
CLM-005231,/Users/brajkishoreyadav/Downloads/AiMl/ClaimGraph-AI/data/synthetic_images/claim_CLM_005231.png,battery_issue,theft,True,"Charging takes over 8 hours for full charge, battery degraded"
CLM-001559,/Users/brajkishoreyadav/Downloads/AiMl/ClaimGraph-AI/data/synthetic_images/claim_CLM_001559.png,theft,screen_damage,True,"Home burglary, device among stolen items, police report #PR-37751"
CLM-000178,/Users/brajkishoreyadav/Downloads/AiMl/ClaimGraph-AI/data/synthetic_images/claim_CLM_000178.png,water_damage,water_damage,False,"Device exposed to rain, screen flickering and touch issues"
CLM-002901,/Users/brajkishoreyadav/Downloads/AiMl/ClaimGraph-AI/data/synthetic_images/claim_CLM_002901.png,screen_damage,mechanical_failure,True,Touch screen unresponsive in bottom half after impact
CLM-001670,/Users/brajkishoreyadav/Downloads/AiMl/ClaimGraph-AI/data/synthetic_images/claim_CLM_001670.png,battery_issue,accidental_damage,True,"Charging takes over 8 hours for full charge, battery degraded"
CLM-007051,/Users/brajkishoreyadav/Downloads/AiMl/ClaimGraph-AI/data/synthetic_images/claim_CLM_007051.png,accidental_damage,accidental_damage,False,Device malfunctioned and needs comprehensive repair
CLM-005747,/Users/brajkishoreyadav/Downloads/AiMl/ClaimGraph-AI/data/synthetic_images/claim_CLM_005747.png,software_issue,software_issue,False,"Device freezing every 10 minutes, requires hard restart"
CLM-001003,/Users/brajkishoreyadav/Downloads/AiMl/ClaimGraph-AI/data/synthetic_images/claim_CLM_001003.png,battery_issue,battery_issue,False,"Charging takes over 8 hours for full charge, battery degraded"
CLM-007029,/Users/brajkishoreyadav/Downloads/AiMl/ClaimGraph-AI/data/synthetic_images/claim_CLM_007029.png,software_issue,software_issue,False,"Filing claim for device damage, need replacement"
CLM-000958,/Users/brajkishoreyadav/Downloads/AiMl/ClaimGraph-AI/data/synthetic_images/claim_CLM_000958.png,software_issue,software_issue,False,"Device freezing every 10 minutes, requires hard restart"
CLM-005819,/Users/brajkishoreyadav/Downloads/AiMl/ClaimGraph-AI/data/synthetic_images/claim_CLM_005819.png,water_damage,water_damage,False,"Device fell into swimming pool, not turning on"
CLM-002448,/Users/brajkishoreyadav/Downloads/AiMl/ClaimGraph-AI/data/synthetic_images/claim_CLM_002448.png,screen_damage,screen_damage,False,Screen cracked from edge to edge after minor drop
CLM-000643,/Users/brajkishoreyadav/Downloads/AiMl/ClaimGraph-AI/data/synthetic_images/claim_CLM_000643.png,software_issue,theft,True,"Operating system corrupted after update, data inaccessible"
CLM-005721,/Users/brajkishoreyadav/Downloads/AiMl/ClaimGraph-AI/data/synthetic_images/claim_CLM_005721.png,theft,theft,False,"Home burglary, device among stolen items, police report #PR-26641"
CLM-004122,/Users/brajkishoreyadav/Downloads/AiMl/ClaimGraph-AI/data/synthetic_images/claim_CLM_004122.png,mechanical_failure,mechanical_failure,False,"Hinge mechanism broken, screen wobbly and disconnecting"
CLM-003998,/Users/brajkishoreyadav/Downloads/AiMl/ClaimGraph-AI/data/synthetic_images/claim_CLM_003998.png,battery_issue,battery_issue,False,"Charging takes over 8 hours for full charge, battery degraded"
CLM-001513,/Users/brajkishoreyadav/Downloads/AiMl/ClaimGraph-AI/data/synthetic_images/claim_CLM_001513.png,battery_issue,battery_issue,False,"Battery not holding charge, shuts down at 40% randomly"
CLM-004665,/Users/brajkishoreyadav/Downloads/AiMl/ClaimGraph-AI/data/synthetic_images/claim_CLM_004665.png,water_damage,water_damage,False,"Water leaked into bag during storm, device screen has water marks"
CLM-001196,/Users/brajkishoreyadav/Downloads/AiMl/ClaimGraph-AI/data/synthetic_images/claim_CLM_001196.png,screen_damage,software_issue,True,Screen cracked from edge to edge after minor drop
CLM-003033,/Users/brajkishoreyadav/Downloads/AiMl/ClaimGraph-AI/data/synthetic_images/claim_CLM_003033.png,theft,theft,False,"Device stolen from gym locker, filed report with facility"
CLM-000539,/Users/brajkishoreyadav/Downloads/AiMl/ClaimGraph-AI/data/synthetic_images/claim_CLM_000539.png,battery_issue,battery_issue,False,"Battery not holding charge, shuts down at 40% randomly"
CLM-006047,/Users/brajkishoreyadav/Downloads/AiMl/ClaimGraph-AI/data/synthetic_images/claim_CLM_006047.png,screen_damage,screen_damage,False,Screen separated from body at the top edge
CLM-002623,/Users/brajkishoreyadav/Downloads/AiMl/ClaimGraph-AI/data/synthetic_images/claim_CLM_002623.png,water_damage,water_damage,False,"Coffee spill on device, keyboard and trackpad not working"
CLM-000309,/Users/brajkishoreyadav/Downloads/AiMl/ClaimGraph-AI/data/synthetic_images/claim_CLM_000309.png,mechanical_failure,water_damage,True,"Device stopped turning on suddenly, no response to charging"
CLM-005891,/Users/brajkishoreyadav/Downloads/AiMl/ClaimGraph-AI/data/synthetic_images/claim_CLM_005891.png,software_issue,battery_issue,True,"Device stuck in boot loop, factory reset not working"
CLM-005699,/Users/brajkishoreyadav/Downloads/AiMl/ClaimGraph-AI/data/synthetic_images/claim_CLM_005699.png,accidental_damage,accidental_damage,False,"Device slipped from hand in parking lot, back panel cracked"
CLM-006056,/Users/brajkishoreyadav/Downloads/AiMl/ClaimGraph-AI/data/synthetic_images/claim_CLM_006056.png,theft,theft,False,"Bag with device snatched at train station, police report filed"
CLM-001618,/Users/brajkishoreyadav/Downloads/AiMl/ClaimGraph-AI/data/synthetic_images/claim_CLM_001618.png,accidental_damage,accidental_damage,False,"Device fell from pocket while running, multiple scratches and broken glass"
CLM-003194,/Users/brajkishoreyadav/Downloads/AiMl/ClaimGraph-AI/data/synthetic_images/claim_CLM_003194.png,software_issue,software_issue,False,"Device freezing every 10 minutes, requires hard restart"
CLM-002510,/Users/brajkishoreyadav/Downloads/AiMl/ClaimGraph-AI/data/synthetic_images/claim_CLM_002510.png,water_damage,water_damage,False,"Device exposed to rain, screen flickering and touch issues"
CLM-003947,/Users/brajkishoreyadav/Downloads/AiMl/ClaimGraph-AI/data/synthetic_images/claim_CLM_003947.png,water_damage,theft,True,"Device dropped in sink, charging port corroded"
CLM-001145,/Users/brajkishoreyadav/Downloads/AiMl/ClaimGraph-AI/data/synthetic_images/claim_CLM_001145.png,mechanical_failure,mechanical_failure,False,"Device stopped turning on suddenly, no response to charging"
CLM-000430,/Users/brajkishoreyadav/Downloads/AiMl/ClaimGraph-AI/data/synthetic_images/claim_CLM_000430.png,accidental_damage,accidental_damage,False,"Device slipped from hand in parking lot, back panel cracked"
CLM-006575,/Users/brajkishoreyadav/Downloads/AiMl/ClaimGraph-AI/data/synthetic_images/claim_CLM_006575.png,mechanical_failure,mechanical_failure,False,"Camera module not functioning, shows black screen"
CLM-003940,/Users/brajkishoreyadav/Downloads/AiMl/ClaimGraph-AI/data/synthetic_images/claim_CLM_003940.png,software_issue,software_issue,False,"Device freezing every 10 minutes, requires hard restart"
CLM-002070,/Users/brajkishoreyadav/Downloads/AiMl/ClaimGraph-AI/data/synthetic_images/claim_CLM_002070.png,water_damage,water_damage,False,"Device dropped in sink, charging port corroded"
CLM-001216,/Users/brajkishoreyadav/Downloads/AiMl/ClaimGraph-AI/data/synthetic_images/claim_CLM_001216.png,mechanical_failure,mechanical_failure,False,"Speakers producing distorted sound, audio hardware failure"
CLM-000504,/Users/brajkishoreyadav/Downloads/AiMl/ClaimGraph-AI/data/synthetic_images/claim_CLM_000504.png,theft,theft,False,"Device pickpocketed in crowded area, report #PR-90842"
CLM-003528,/Users/brajkishoreyadav/Downloads/AiMl/ClaimGraph-AI/data/synthetic_images/claim_CLM_003528.png,accidental_damage,accidental_damage,False,"Device dropped on concrete floor, screen completely shattered"
CLM-000102,/Users/brajkishoreyadav/Downloads/AiMl/ClaimGraph-AI/data/synthetic_images/claim_CLM_000102.png,theft,mechanical_failure,True,"Device stolen from gym locker, filed report with facility"
CLM-003380,/Users/brajkishoreyadav/Downloads/AiMl/ClaimGraph-AI/data/synthetic_images/claim_CLM_003380.png,theft,theft,False,"Home burglary, device among stolen items, police report #PR-11586"
CLM-002355,/Users/brajkishoreyadav/Downloads/AiMl/ClaimGraph-AI/data/synthetic_images/claim_CLM_002355.png,accidental_damage,software_issue,True,"Device fell from pocket while running, multiple scratches and broken glass"
CLM-000133,/Users/brajkishoreyadav/Downloads/AiMl/ClaimGraph-AI/data/synthetic_images/claim_CLM_000133.png,accidental_damage,accidental_damage,False,"Device slipped from hand in parking lot, back panel cracked"
CLM-003485,/Users/brajkishoreyadav/Downloads/AiMl/ClaimGraph-AI/data/synthetic_images/claim_CLM_003485.png,software_issue,software_issue,False,"Firmware update bricked the device, won't boot past logo"
CLM-005794,/Users/brajkishoreyadav/Downloads/AiMl/ClaimGraph-AI/data/synthetic_images/claim_CLM_005794.png,accidental_damage,screen_damage,True,"Accidentally knocked device off table, dent on corner and screen crack"
CLM-005100,/Users/brajkishoreyadav/Downloads/AiMl/ClaimGraph-AI/data/synthetic_images/claim_CLM_005100.png,accidental_damage,accidental_damage,False,"Device slipped from hand in parking lot, back panel cracked"
CLM-002329,/Users/brajkishoreyadav/Downloads/AiMl/ClaimGraph-AI/data/synthetic_images/claim_CLM_002329.png,theft,screen_damage,True,"Home burglary, device among stolen items, police report #PR-46627"
CLM-006683,/Users/brajkishoreyadav/Downloads/AiMl/ClaimGraph-AI/data/synthetic_images/claim_CLM_006683.png,water_damage,water_damage,False,"Device dropped in sink, charging port corroded"
CLM-003693,/Users/brajkishoreyadav/Downloads/AiMl/ClaimGraph-AI/data/synthetic_images/claim_CLM_003693.png,mechanical_failure,theft,True,"Device stopped turning on suddenly, no response to charging"
CLM-004222,/Users/brajkishoreyadav/Downloads/AiMl/ClaimGraph-AI/data/synthetic_images/claim_CLM_004222.png,screen_damage,screen_damage,False,Touch screen unresponsive in bottom half after impact
CLM-003560,/Users/brajkishoreyadav/Downloads/AiMl/ClaimGraph-AI/data/synthetic_images/claim_CLM_003560.png,battery_issue,accidental_damage,True,"Battery drains from 100% to 0% in 2 hours, device is 6 months old"
CLM-000535,/Users/brajkishoreyadav/Downloads/AiMl/ClaimGraph-AI/data/synthetic_images/claim_CLM_000535.png,water_damage,water_damage,False,"Coffee spill on device, keyboard and trackpad not working"
CLM-001567,/Users/brajkishoreyadav/Downloads/AiMl/ClaimGraph-AI/data/synthetic_images/claim_CLM_001567.png,screen_damage,screen_damage,False,Screen cracked from edge to edge after minor drop
CLM-005441,/Users/brajkishoreyadav/Downloads/AiMl/ClaimGraph-AI/data/synthetic_images/claim_CLM_005441.png,mechanical_failure,battery_issue,True,"Speakers producing distorted sound, audio hardware failure"
CLM-006231,/Users/brajkishoreyadav/Downloads/AiMl/ClaimGraph-AI/data/synthetic_images/claim_CLM_006231.png,battery_issue,battery_issue,False,"Battery not holding charge, shuts down at 40% randomly"
CLM-003154,/Users/brajkishoreyadav/Downloads/AiMl/ClaimGraph-AI/data/synthetic_images/claim_CLM_003154.png,battery_issue,screen_damage,True,"Device randomly shuts down, battery health shows 52%"
CLM-002346,/Users/brajkishoreyadav/Downloads/AiMl/ClaimGraph-AI/data/synthetic_images/claim_CLM_002346.png,screen_damage,screen_damage,False,LCD bleeding visible on left side of screen
CLM-004591,/Users/brajkishoreyadav/Downloads/AiMl/ClaimGraph-AI/data/synthetic_images/claim_CLM_004591.png,mechanical_failure,water_damage,True,"Camera module not functioning, shows black screen"
CLM-002288,/Users/brajkishoreyadav/Downloads/AiMl/ClaimGraph-AI/data/synthetic_images/claim_CLM_002288.png,screen_damage,screen_damage,False,Touch screen unresponsive in bottom half after impact
CLM-005239,/Users/brajkishoreyadav/Downloads/AiMl/ClaimGraph-AI/data/synthetic_images/claim_CLM_005239.png,software_issue,software_issue,False,"Device stuck in boot loop, factory reset not working"
CLM-006670,/Users/brajkishoreyadav/Downloads/AiMl/ClaimGraph-AI/data/synthetic_images/claim_CLM_006670.png,mechanical_failure,mechanical_failure,False,"Power button stuck, cannot turn device on or off"
CLM-000536,/Users/brajkishoreyadav/Downloads/AiMl/ClaimGraph-AI/data/synthetic_images/claim_CLM_000536.png,software_issue,software_issue,False,"Device stuck in boot loop, factory reset not working"
CLM-002116,/Users/brajkishoreyadav/Downloads/AiMl/ClaimGraph-AI/data/synthetic_images/claim_CLM_002116.png,software_issue,software_issue,False,"Apps crashing continuously, device unusable for work"
CLM-001609,/Users/brajkishoreyadav/Downloads/AiMl/ClaimGraph-AI/data/synthetic_images/claim_CLM_001609.png,screen_damage,water_damage,True,"Dead pixels spreading across display, started as small cluster"
CLM-003108,/Users/brajkishoreyadav/Downloads/AiMl/ClaimGraph-AI/data/synthetic_images/claim_CLM_003108.png,software_issue,software_issue,False,"Apps crashing continuously, device unusable for work"
CLM-005776,/Users/brajkishoreyadav/Downloads/AiMl/ClaimGraph-AI/data/synthetic_images/claim_CLM_005776.png,theft,theft,False,"Device stolen from gym locker, filed report with facility"
CLM-005845,/Users/brajkishoreyadav/Downloads/AiMl/ClaimGraph-AI/data/synthetic_images/claim_CLM_005845.png,theft,screen_damage,True,"Bag with device snatched at train station, police report filed"
CLM-005080,/Users/brajkishoreyadav/Downloads/AiMl/ClaimGraph-AI/data/synthetic_images/claim_CLM_005080.png,mechanical_failure,mechanical_failure,False,"Device stopped turning on suddenly, no response to charging"
CLM-000971,/Users/brajkishoreyadav/Downloads/AiMl/ClaimGraph-AI/data/synthetic_images/claim_CLM_000971.png,software_issue,software_issue,False,"Apps crashing continuously, device unusable for work"
CLM-003993,/Users/brajkishoreyadav/Downloads/AiMl/ClaimGraph-AI/data/synthetic_images/claim_CLM_003993.png,battery_issue,battery_issue,False,"Battery not holding charge, shuts down at 40% randomly"
CLM-001447,/Users/brajkishoreyadav/Downloads/AiMl/ClaimGraph-AI/data/synthetic_images/claim_CLM_001447.png,theft,theft,False,"Device pickpocketed in crowded area, report #PR-81878"
CLM-001868,/Users/brajkishoreyadav/Downloads/AiMl/ClaimGraph-AI/data/synthetic_images/claim_CLM_001868.png,mechanical_failure,mechanical_failure,False,"Power button stuck, cannot turn device on or off"
CLM-005295,/Users/brajkishoreyadav/Downloads/AiMl/ClaimGraph-AI/data/synthetic_images/claim_CLM_005295.png,water_damage,water_damage,False,"Device fell into swimming pool, not turning on"
CLM-002619,/Users/brajkishoreyadav/Downloads/AiMl/ClaimGraph-AI/data/synthetic_images/claim_CLM_002619.png,water_damage,mechanical_failure,True,"Water leaked into bag during storm, device screen has water marks"
CLM-001407,/Users/brajkishoreyadav/Downloads/AiMl/ClaimGraph-AI/data/synthetic_images/claim_CLM_001407.png,battery_issue,battery_issue,False,"Battery drains from 100% to 0% in 2 hours, device is 6 months old"
CLM-006168,/Users/brajkishoreyadav/Downloads/AiMl/ClaimGraph-AI/data/synthetic_images/claim_CLM_006168.png,water_damage,water_damage,False,"Coffee spill on device, keyboard and trackpad not working"
CLM-001892,/Users/brajkishoreyadav/Downloads/AiMl/ClaimGraph-AI/data/synthetic_images/claim_CLM_001892.png,screen_damage,screen_damage,False,LCD bleeding visible on left side of screen
CLM-000458,/Users/brajkishoreyadav/Downloads/AiMl/ClaimGraph-AI/data/synthetic_images/claim_CLM_000458.png,software_issue,software_issue,False,"Firmware update bricked the device, won't boot past logo"
CLM-003481,/Users/brajkishoreyadav/Downloads/AiMl/ClaimGraph-AI/data/synthetic_images/claim_CLM_003481.png,water_damage,water_damage,False,"Coffee spill on device, keyboard and trackpad not working"
CLM-003239,/Users/brajkishoreyadav/Downloads/AiMl/ClaimGraph-AI/data/synthetic_images/claim_CLM_003239.png,theft,theft,False,"Device pickpocketed in crowded area, report #PR-20387"
CLM-000038,/Users/brajkishoreyadav/Downloads/AiMl/ClaimGraph-AI/data/synthetic_images/claim_CLM_000038.png,battery_issue,battery_issue,False,"Charging takes over 8 hours for full charge, battery degraded"
CLM-002943,/Users/brajkishoreyadav/Downloads/AiMl/ClaimGraph-AI/data/synthetic_images/claim_CLM_002943.png,screen_damage,mechanical_failure,True,Screen cracked from edge to edge after minor drop
CLM-001010,/Users/brajkishoreyadav/Downloads/AiMl/ClaimGraph-AI/data/synthetic_images/claim_CLM_001010.png,software_issue,battery_issue,True,"Firmware update bricked the device, won't boot past logo"
CLM-006856,/Users/brajkishoreyadav/Downloads/AiMl/ClaimGraph-AI/data/synthetic_images/claim_CLM_006856.png,accidental_damage,accidental_damage,False,"Device fell from pocket while running, multiple scratches and broken glass"
CLM-001545,/Users/brajkishoreyadav/Downloads/AiMl/ClaimGraph-AI/data/synthetic_images/claim_CLM_001545.png,theft,theft,False,"Home burglary, device among stolen items, police report #PR-18190"
CLM-004529,/Users/brajkishoreyadav/Downloads/AiMl/ClaimGraph-AI/data/synthetic_images/claim_CLM_004529.png,battery_issue,battery_issue,False,"Battery not holding charge, shuts down at 40% randomly"
CLM-004476,/Users/brajkishoreyadav/Downloads/AiMl/ClaimGraph-AI/data/synthetic_images/claim_CLM_004476.png,accidental_damage,accidental_damage,False,"Device fell from pocket while running, multiple scratches and broken glass"
CLM-007016,/Users/brajkishoreyadav/Downloads/AiMl/ClaimGraph-AI/data/synthetic_images/claim_CLM_007016.png,mechanical_failure,mechanical_failure,False,Device malfunctioned and needs comprehensive repair
CLM-004999,/Users/brajkishoreyadav/Downloads/AiMl/ClaimGraph-AI/data/synthetic_images/claim_CLM_004999.png,mechanical_failure,mechanical_failure,False,"Camera module not functioning, shows black screen"
CLM-001873,/Users/brajkishoreyadav/Downloads/AiMl/ClaimGraph-AI/data/synthetic_images/claim_CLM_001873.png,mechanical_failure,screen_damage,True,"Hinge mechanism broken, screen wobbly and disconnecting"
CLM-006765,/Users/brajkishoreyadav/Downloads/AiMl/ClaimGraph-AI/data/synthetic_images/claim_CLM_006765.png,water_damage,water_damage,False,"Water leaked into bag during storm, device screen has water marks"
CLM-005267,/Users/brajkishoreyadav/Downloads/AiMl/ClaimGraph-AI/data/synthetic_images/claim_CLM_005267.png,water_damage,water_damage,False,"Device dropped in sink, charging port corroded"
CLM-003616,/Users/brajkishoreyadav/Downloads/AiMl/ClaimGraph-AI/data/synthetic_images/claim_CLM_003616.png,screen_damage,screen_damage,False,"Dead pixels spreading across display, started as small cluster"
CLM-003640,/Users/brajkishoreyadav/Downloads/AiMl/ClaimGraph-AI/data/synthetic_images/claim_CLM_003640.png,water_damage,battery_issue,True,"Device dropped in sink, charging port corroded"
CLM-003683,/Users/brajkishoreyadav/Downloads/AiMl/ClaimGraph-AI/data/synthetic_images/claim_CLM_003683.png,accidental_damage,accidental_damage,False,"Device dropped on concrete floor, screen completely shattered"
CLM-005011,/Users/brajkishoreyadav/Downloads/AiMl/ClaimGraph-AI/data/synthetic_images/claim_CLM_005011.png,accidental_damage,accidental_damage,False,"Accidentally knocked device off table, dent on corner and screen crack"
CLM-004691,/Users/brajkishoreyadav/Downloads/AiMl/ClaimGraph-AI/data/synthetic_images/claim_CLM_004691.png,mechanical_failure,mechanical_failure,False,"Device stopped turning on suddenly, no response to charging"
CLM-004018,/Users/brajkishoreyadav/Downloads/AiMl/ClaimGraph-AI/data/synthetic_images/claim_CLM_004018.png,mechanical_failure,mechanical_failure,False,"Camera module not functioning, shows black screen"
CLM-001043,/Users/brajkishoreyadav/Downloads/AiMl/ClaimGraph-AI/data/synthetic_images/claim_CLM_001043.png,water_damage,water_damage,False,"Coffee spill on device, keyboard and trackpad not working"
CLM-002524,/Users/brajkishoreyadav/Downloads/AiMl/ClaimGraph-AI/data/synthetic_images/claim_CLM_002524.png,mechanical_failure,screen_damage,True,"Hinge mechanism broken, screen wobbly and disconnecting"
CLM-001088,/Users/brajkishoreyadav/Downloads/AiMl/ClaimGraph-AI/data/synthetic_images/claim_CLM_001088.png,mechanical_failure,mechanical_failure,False,"Device stopped turning on suddenly, no response to charging"
CLM-006396,/Users/brajkishoreyadav/Downloads/AiMl/ClaimGraph-AI/data/synthetic_images/claim_CLM_006396.png,water_damage,water_damage,False,"Coffee spill on device, keyboard and trackpad not working"
CLM-006351,/Users/brajkishoreyadav/Downloads/AiMl/ClaimGraph-AI/data/synthetic_images/claim_CLM_006351.png,theft,theft,False,"Device pickpocketed in crowded area, report #PR-57572"
CLM-001741,/Users/brajkishoreyadav/Downloads/AiMl/ClaimGraph-AI/data/synthetic_images/claim_CLM_001741.png,battery_issue,battery_issue,False,"Battery not holding charge, shuts down at 40% randomly"
CLM-002209,/Users/brajkishoreyadav/Downloads/AiMl/ClaimGraph-AI/data/synthetic_images/claim_CLM_002209.png,theft,theft,False,"Device pickpocketed in crowded area, report #PR-85675"
CLM-002534,/Users/brajkishoreyadav/Downloads/AiMl/ClaimGraph-AI/data/synthetic_images/claim_CLM_002534.png,screen_damage,screen_damage,False,Screen separated from body at the top edge
CLM-000933,/Users/brajkishoreyadav/Downloads/AiMl/ClaimGraph-AI/data/synthetic_images/claim_CLM_000933.png,theft,screen_damage,True,"Bag with device snatched at train station, police report filed"
CLM-003575,/Users/brajkishoreyadav/Downloads/AiMl/ClaimGraph-AI/data/synthetic_images/claim_CLM_003575.png,battery_issue,battery_issue,False,"Device randomly shuts down, battery health shows 52%"
CLM-005012,/Users/brajkishoreyadav/Downloads/AiMl/ClaimGraph-AI/data/synthetic_images/claim_CLM_005012.png,screen_damage,screen_damage,False,LCD bleeding visible on left side of screen
CLM-001336,/Users/brajkishoreyadav/Downloads/AiMl/ClaimGraph-AI/data/synthetic_images/claim_CLM_001336.png,water_damage,water_damage,False,"Device fell into swimming pool, not turning on"
CLM-003930,/Users/brajkishoreyadav/Downloads/AiMl/ClaimGraph-AI/data/synthetic_images/claim_CLM_003930.png,accidental_damage,accidental_damage,False,"Device fell from pocket while running, multiple scratches and broken glass"
CLM-002629,/Users/brajkishoreyadav/Downloads/AiMl/ClaimGraph-AI/data/synthetic_images/claim_CLM_002629.png,screen_damage,screen_damage,False,Screen separated from body at the top edge
CLM-002615,/Users/brajkishoreyadav/Downloads/AiMl/ClaimGraph-AI/data/synthetic_images/claim_CLM_002615.png,theft,theft,False,"Home burglary, device among stolen items, police report #PR-22356"
CLM-006109,/Users/brajkishoreyadav/Downloads/AiMl/ClaimGraph-AI/data/synthetic_images/claim_CLM_006109.png,screen_damage,battery_issue,True,Screen cracked from edge to edge after minor drop
CLM-003845,/Users/brajkishoreyadav/Downloads/AiMl/ClaimGraph-AI/data/synthetic_images/claim_CLM_003845.png,water_damage,water_damage,False,"Device dropped in sink, charging port corroded"
CLM-000234,/Users/brajkishoreyadav/Downloads/AiMl/ClaimGraph-AI/data/synthetic_images/claim_CLM_000234.png,software_issue,software_issue,False,"Device stuck in boot loop, factory reset not working"
CLM-004344,/Users/brajkishoreyadav/Downloads/AiMl/ClaimGraph-AI/data/synthetic_images/claim_CLM_004344.png,mechanical_failure,software_issue,True,"Speakers producing distorted sound, audio hardware failure"
CLM-000051,/Users/brajkishoreyadav/Downloads/AiMl/ClaimGraph-AI/data/synthetic_images/claim_CLM_000051.png,mechanical_failure,mechanical_failure,False,"Hinge mechanism broken, screen wobbly and disconnecting"
CLM-006847,/Users/brajkishoreyadav/Downloads/AiMl/ClaimGraph-AI/data/synthetic_images/claim_CLM_006847.png,software_issue,software_issue,False,"Apps crashing continuously, device unusable for work"
CLM-005303,/Users/brajkishoreyadav/Downloads/AiMl/ClaimGraph-AI/data/synthetic_images/claim_CLM_005303.png,screen_damage,screen_damage,False,"Dead pixels spreading across display, started as small cluster"
CLM-001316,/Users/brajkishoreyadav/Downloads/AiMl/ClaimGraph-AI/data/synthetic_images/claim_CLM_001316.png,water_damage,water_damage,False,"Coffee spill on device, keyboard and trackpad not working"
CLM-004329,/Users/brajkishoreyadav/Downloads/AiMl/ClaimGraph-AI/data/synthetic_images/claim_CLM_004329.png,theft,theft,False,"Device stolen from car, filed police report #PR-25410"
CLM-003432,/Users/brajkishoreyadav/Downloads/AiMl/ClaimGraph-AI/data/synthetic_images/claim_CLM_003432.png,battery_issue,battery_issue,False,"Device randomly shuts down, battery health shows 52%"
CLM-006631,/Users/brajkishoreyadav/Downloads/AiMl/ClaimGraph-AI/data/synthetic_images/claim_CLM_006631.png,software_issue,software_issue,False,"Device freezing every 10 minutes, requires hard restart"
CLM-001091,/Users/brajkishoreyadav/Downloads/AiMl/ClaimGraph-AI/data/synthetic_images/claim_CLM_001091.png,water_damage,battery_issue,True,"Coffee spill on device, keyboard and trackpad not working"
CLM-001373,/Users/brajkishoreyadav/Downloads/AiMl/ClaimGraph-AI/data/synthetic_images/claim_CLM_001373.png,theft,theft,False,"Device stolen from gym locker, filed report with facility"
CLM-002446,/Users/brajkishoreyadav/Downloads/AiMl/ClaimGraph-AI/data/synthetic_images/claim_CLM_002446.png,water_damage,water_damage,False,"Device exposed to rain, screen flickering and touch issues"
CLM-004899,/Users/brajkishoreyadav/Downloads/AiMl/ClaimGraph-AI/data/synthetic_images/claim_CLM_004899.png,theft,theft,False,"Home burglary, device among stolen items, police report #PR-61971"
CLM-001836,/Users/brajkishoreyadav/Downloads/AiMl/ClaimGraph-AI/data/synthetic_images/claim_CLM_001836.png,battery_issue,battery_issue,False,"Battery not holding charge, shuts down at 40% randomly"
CLM-003574,/Users/brajkishoreyadav/Downloads/AiMl/ClaimGraph-AI/data/synthetic_images/claim_CLM_003574.png,screen_damage,screen_damage,False,LCD bleeding visible on left side of screen
CLM-004042,/Users/brajkishoreyadav/Downloads/AiMl/ClaimGraph-AI/data/synthetic_images/claim_CLM_004042.png,accidental_damage,accidental_damage,False,"Device dropped on concrete floor, screen completely shattered"
CLM-005957,/Users/brajkishoreyadav/Downloads/AiMl/ClaimGraph-AI/data/synthetic_images/claim_CLM_005957.png,theft,theft,False,"Device stolen from gym locker, filed report with facility"
CLM-006169,/Users/brajkishoreyadav/Downloads/AiMl/ClaimGraph-AI/data/synthetic_images/claim_CLM_006169.png,theft,accidental_damage,True,"Device stolen from gym locker, filed report with facility"
CLM-006684,/Users/brajkishoreyadav/Downloads/AiMl/ClaimGraph-AI/data/synthetic_images/claim_CLM_006684.png,screen_damage,screen_damage,False,Screen separated from body at the top edge
CLM-004980,/Users/brajkishoreyadav/Downloads/AiMl/ClaimGraph-AI/data/synthetic_images/claim_CLM_004980.png,water_damage,water_damage,False,"Device exposed to rain, screen flickering and touch issues"
CLM-003762,/Users/brajkishoreyadav/Downloads/AiMl/ClaimGraph-AI/data/synthetic_images/claim_CLM_003762.png,software_issue,software_issue,False,"Firmware update bricked the device, won't boot past logo"
CLM-005962,/Users/brajkishoreyadav/Downloads/AiMl/ClaimGraph-AI/data/synthetic_images/claim_CLM_005962.png,mechanical_failure,mechanical_failure,False,"Device stopped turning on suddenly, no response to charging"
CLM-001176,/Users/brajkishoreyadav/Downloads/AiMl/ClaimGraph-AI/data/synthetic_images/claim_CLM_001176.png,software_issue,software_issue,False,"Device freezing every 10 minutes, requires hard restart"
CLM-000020,/Users/brajkishoreyadav/Downloads/AiMl/ClaimGraph-AI/data/synthetic_images/claim_CLM_000020.png,accidental_damage,accidental_damage,False,"Accidentally knocked device off table, dent on corner and screen crack"
CLM-003025,/Users/brajkishoreyadav/Downloads/AiMl/ClaimGraph-AI/data/synthetic_images/claim_CLM_003025.png,software_issue,software_issue,False,"Apps crashing continuously, device unusable for work"
CLM-003130,/Users/brajkishoreyadav/Downloads/AiMl/ClaimGraph-AI/data/synthetic_images/claim_CLM_003130.png,theft,theft,False,"Bag with device snatched at train station, police report filed"
CLM-005910,/Users/brajkishoreyadav/Downloads/AiMl/ClaimGraph-AI/data/synthetic_images/claim_CLM_005910.png,accidental_damage,accidental_damage,False,"Child dropped the device on tile floor, touchscreen unresponsive"
CLM-005045,/Users/brajkishoreyadav/Downloads/AiMl/ClaimGraph-AI/data/synthetic_images/claim_CLM_005045.png,accidental_damage,accidental_damage,False,"Device dropped on concrete floor, screen completely shattered"
CLM-005521,/Users/brajkishoreyadav/Downloads/AiMl/ClaimGraph-AI/data/synthetic_images/claim_CLM_005521.png,screen_damage,screen_damage,False,Screen separated from body at the top edge
CLM-000409,/Users/brajkishoreyadav/Downloads/AiMl/ClaimGraph-AI/data/synthetic_images/claim_CLM_000409.png,screen_damage,screen_damage,False,"Dead pixels spreading across display, started as small cluster"
CLM-003444,/Users/brajkishoreyadav/Downloads/AiMl/ClaimGraph-AI/data/synthetic_images/claim_CLM_003444.png,software_issue,software_issue,False,"Device freezing every 10 minutes, requires hard restart"
CLM-006535,/Users/brajkishoreyadav/Downloads/AiMl/ClaimGraph-AI/data/synthetic_images/claim_CLM_006535.png,accidental_damage,accidental_damage,False,"Device slipped from hand in parking lot, back panel cracked"
CLM-004952,/Users/brajkishoreyadav/Downloads/AiMl/ClaimGraph-AI/data/synthetic_images/claim_CLM_004952.png,battery_issue,battery_issue,False,"Battery not holding charge, shuts down at 40% randomly"
CLM-000066,/Users/brajkishoreyadav/Downloads/AiMl/ClaimGraph-AI/data/synthetic_images/claim_CLM_000066.png,theft,mechanical_failure,True,"Device stolen from car, filed police report #PR-76167"
CLM-001154,/Users/brajkishoreyadav/Downloads/AiMl/ClaimGraph-AI/data/synthetic_images/claim_CLM_001154.png,battery_issue,battery_issue,False,"Battery drains from 100% to 0% in 2 hours, device is 6 months old"
CLM-002689,/Users/brajkishoreyadav/Downloads/AiMl/ClaimGraph-AI/data/synthetic_images/claim_CLM_002689.png,software_issue,software_issue,False,"Apps crashing continuously, device unusable for work"
CLM-003945,/Users/brajkishoreyadav/Downloads/AiMl/ClaimGraph-AI/data/synthetic_images/claim_CLM_003945.png,battery_issue,battery_issue,False,"Charging takes over 8 hours for full charge, battery degraded"
CLM-000436,/Users/brajkishoreyadav/Downloads/AiMl/ClaimGraph-AI/data/synthetic_images/claim_CLM_000436.png,battery_issue,battery_issue,False,"Device randomly shuts down, battery health shows 52%"
CLM-002986,/Users/brajkishoreyadav/Downloads/AiMl/ClaimGraph-AI/data/synthetic_images/claim_CLM_002986.png,accidental_damage,theft,True,"Accidentally knocked device off table, dent on corner and screen crack"
CLM-006481,/Users/brajkishoreyadav/Downloads/AiMl/ClaimGraph-AI/data/synthetic_images/claim_CLM_006481.png,water_damage,water_damage,False,"Device fell into swimming pool, not turning on"
CLM-005097,/Users/brajkishoreyadav/Downloads/AiMl/ClaimGraph-AI/data/synthetic_images/claim_CLM_005097.png,battery_issue,battery_issue,False,"Device randomly shuts down, battery health shows 52%"
CLM-003319,/Users/brajkishoreyadav/Downloads/AiMl/ClaimGraph-AI/data/synthetic_images/claim_CLM_003319.png,mechanical_failure,mechanical_failure,False,"Speakers producing distorted sound, audio hardware failure"
CLM-005772,/Users/brajkishoreyadav/Downloads/AiMl/ClaimGraph-AI/data/synthetic_images/claim_CLM_005772.png,accidental_damage,accidental_damage,False,"Child dropped the device on tile floor, touchscreen unresponsive"
CLM-000240,/Users/brajkishoreyadav/Downloads/AiMl/ClaimGraph-AI/data/synthetic_images/claim_CLM_000240.png,water_damage,water_damage,False,"Device fell into swimming pool, not turning on"
CLM-004435,/Users/brajkishoreyadav/Downloads/AiMl/ClaimGraph-AI/data/synthetic_images/claim_CLM_004435.png,software_issue,software_issue,False,"Operating system corrupted after update, data inaccessible"
CLM-001353,/Users/brajkishoreyadav/Downloads/AiMl/ClaimGraph-AI/data/synthetic_images/claim_CLM_001353.png,screen_damage,screen_damage,False,LCD bleeding visible on left side of screen
CLM-005722,/Users/brajkishoreyadav/Downloads/AiMl/ClaimGraph-AI/data/synthetic_images/claim_CLM_005722.png,screen_damage,screen_damage,False,LCD bleeding visible on left side of screen
CLM-001413,/Users/brajkishoreyadav/Downloads/AiMl/ClaimGraph-AI/data/synthetic_images/claim_CLM_001413.png,water_damage,screen_damage,True,"Device exposed to rain, screen flickering and touch issues"
CLM-002334,/Users/brajkishoreyadav/Downloads/AiMl/ClaimGraph-AI/data/synthetic_images/claim_CLM_002334.png,accidental_damage,accidental_damage,False,"Device fell from pocket while running, multiple scratches and broken glass"
CLM-005274,/Users/brajkishoreyadav/Downloads/AiMl/ClaimGraph-AI/data/synthetic_images/claim_CLM_005274.png,water_damage,water_damage,False,"Device dropped in sink, charging port corroded"
CLM-005988,/Users/brajkishoreyadav/Downloads/AiMl/ClaimGraph-AI/data/synthetic_images/claim_CLM_005988.png,theft,theft,False,"Device stolen from gym locker, filed report with facility"
CLM-006917,/Users/brajkishoreyadav/Downloads/AiMl/ClaimGraph-AI/data/synthetic_images/claim_CLM_006917.png,accidental_damage,water_damage,True,"Device slipped from hand in parking lot, back panel cracked"
CLM-006609,/Users/brajkishoreyadav/Downloads/AiMl/ClaimGraph-AI/data/synthetic_images/claim_CLM_006609.png,software_issue,software_issue,False,"Operating system corrupted after update, data inaccessible"
CLM-004922,/Users/brajkishoreyadav/Downloads/AiMl/ClaimGraph-AI/data/synthetic_images/claim_CLM_004922.png,battery_issue,battery_issue,False,"Device overheating during normal use, battery swelling visible"
CLM-005113,/Users/brajkishoreyadav/Downloads/AiMl/ClaimGraph-AI/data/synthetic_images/claim_CLM_005113.png,battery_issue,accidental_damage,True,"Battery drains from 100% to 0% in 2 hours, device is 6 months old"
CLM-006594,/Users/brajkishoreyadav/Downloads/AiMl/ClaimGraph-AI/data/synthetic_images/claim_CLM_006594.png,software_issue,software_issue,False,"Operating system corrupted after update, data inaccessible"
CLM-002756,/Users/brajkishoreyadav/Downloads/AiMl/ClaimGraph-AI/data/synthetic_images/claim_CLM_002756.png,software_issue,software_issue,False,"Operating system corrupted after update, data inaccessible"
CLM-001502,/Users/brajkishoreyadav/Downloads/AiMl/ClaimGraph-AI/data/synthetic_images/claim_CLM_001502.png,mechanical_failure,mechanical_failure,False,"Device stopped turning on suddenly, no response to charging"
CLM-000829,/Users/brajkishoreyadav/Downloads/AiMl/ClaimGraph-AI/data/synthetic_images/claim_CLM_000829.png,battery_issue,software_issue,True,"Battery not holding charge, shuts down at 40% randomly"
CLM-005936,/Users/brajkishoreyadav/Downloads/AiMl/ClaimGraph-AI/data/synthetic_images/claim_CLM_005936.png,accidental_damage,accidental_damage,False,"Accidentally knocked device off table, dent on corner and screen crack"
CLM-006104,/Users/brajkishoreyadav/Downloads/AiMl/ClaimGraph-AI/data/synthetic_images/claim_CLM_006104.png,theft,theft,False,"Device pickpocketed in crowded area, report #PR-48198"
CLM-007022,/Users/brajkishoreyadav/Downloads/AiMl/ClaimGraph-AI/data/synthetic_images/claim_CLM_007022.png,theft,theft,False,"Device showing signs of damage, requesting repair coverage"
CLM-006919,/Users/brajkishoreyadav/Downloads/AiMl/ClaimGraph-AI/data/synthetic_images/claim_CLM_006919.png,water_damage,water_damage,False,"Device dropped in sink, charging port corroded"
CLM-005799,/Users/brajkishoreyadav/Downloads/AiMl/ClaimGraph-AI/data/synthetic_images/claim_CLM_005799.png,accidental_damage,accidental_damage,False,"Accidentally knocked device off table, dent on corner and screen crack"
CLM-005857,/Users/brajkishoreyadav/Downloads/AiMl/ClaimGraph-AI/data/synthetic_images/claim_CLM_005857.png,accidental_damage,accidental_damage,False,"Device dropped on concrete floor, screen completely shattered"
CLM-003933,/Users/brajkishoreyadav/Downloads/AiMl/ClaimGraph-AI/data/synthetic_images/claim_CLM_003933.png,water_damage,water_damage,False,"Device fell into swimming pool, not turning on"
CLM-003543,/Users/brajkishoreyadav/Downloads/AiMl/ClaimGraph-AI/data/synthetic_images/claim_CLM_003543.png,screen_damage,screen_damage,False,Touch screen unresponsive in bottom half after impact
CLM-001427,/Users/brajkishoreyadav/Downloads/AiMl/ClaimGraph-AI/data/synthetic_images/claim_CLM_001427.png,accidental_damage,accidental_damage,False,"Device slipped from hand in parking lot, back panel cracked"
CLM-003488,/Users/brajkishoreyadav/Downloads/AiMl/ClaimGraph-AI/data/synthetic_images/claim_CLM_003488.png,mechanical_failure,mechanical_failure,False,"Speakers producing distorted sound, audio hardware failure"
CLM-001194,/Users/brajkishoreyadav/Downloads/AiMl/ClaimGraph-AI/data/synthetic_images/claim_CLM_001194.png,software_issue,software_issue,False,"Apps crashing continuously, device unusable for work"
CLM-000080,/Users/brajkishoreyadav/Downloads/AiMl/ClaimGraph-AI/data/synthetic_images/claim_CLM_000080.png,theft,theft,False,"Device stolen from gym locker, filed report with facility"
CLM-004527,/Users/brajkishoreyadav/Downloads/AiMl/ClaimGraph-AI/data/synthetic_images/claim_CLM_004527.png,screen_damage,screen_damage,False,Screen separated from body at the top edge
CLM-004388,/Users/brajkishoreyadav/Downloads/AiMl/ClaimGraph-AI/data/synthetic_images/claim_CLM_004388.png,battery_issue,battery_issue,False,"Device randomly shuts down, battery health shows 52%"
CLM-003275,/Users/brajkishoreyadav/Downloads/AiMl/ClaimGraph-AI/data/synthetic_images/claim_CLM_003275.png,mechanical_failure,mechanical_failure,False,"Hinge mechanism broken, screen wobbly and disconnecting"
CLM-002883,/Users/brajkishoreyadav/Downloads/AiMl/ClaimGraph-AI/data/synthetic_images/claim_CLM_002883.png,battery_issue,software_issue,True,"Battery not holding charge, shuts down at 40% randomly"
CLM-000231,/Users/brajkishoreyadav/Downloads/AiMl/ClaimGraph-AI/data/synthetic_images/claim_CLM_000231.png,screen_damage,screen_damage,False,Touch screen unresponsive in bottom half after impact
CLM-005010,/Users/brajkishoreyadav/Downloads/AiMl/ClaimGraph-AI/data/synthetic_images/claim_CLM_005010.png,theft,software_issue,True,"Bag with device snatched at train station, police report filed"
CLM-002514,/Users/brajkishoreyadav/Downloads/AiMl/ClaimGraph-AI/data/synthetic_images/claim_CLM_002514.png,theft,theft,False,"Device stolen from car, filed police report #PR-85375"
CLM-000186,/Users/brajkishoreyadav/Downloads/AiMl/ClaimGraph-AI/data/synthetic_images/claim_CLM_000186.png,screen_damage,screen_damage,False,"Dead pixels spreading across display, started as small cluster"
CLM-003719,/Users/brajkishoreyadav/Downloads/AiMl/ClaimGraph-AI/data/synthetic_images/claim_CLM_003719.png,mechanical_failure,battery_issue,True,"Hinge mechanism broken, screen wobbly and disconnecting"
CLM-006985,/Users/brajkishoreyadav/Downloads/AiMl/ClaimGraph-AI/data/synthetic_images/claim_CLM_006985.png,mechanical_failure,software_issue,True,"Power button stuck, cannot turn device on or off"
CLM-003972,/Users/brajkishoreyadav/Downloads/AiMl/ClaimGraph-AI/data/synthetic_images/claim_CLM_003972.png,mechanical_failure,mechanical_failure,False,"Hinge mechanism broken, screen wobbly and disconnecting"
CLM-005242,/Users/brajkishoreyadav/Downloads/AiMl/ClaimGraph-AI/data/synthetic_images/claim_CLM_005242.png,mechanical_failure,mechanical_failure,False,"Camera module not functioning, shows black screen"
CLM-003222,/Users/brajkishoreyadav/Downloads/AiMl/ClaimGraph-AI/data/synthetic_images/claim_CLM_003222.png,screen_damage,screen_damage,False,Screen cracked from edge to edge after minor drop
CLM-000264,/Users/brajkishoreyadav/Downloads/AiMl/ClaimGraph-AI/data/synthetic_images/claim_CLM_000264.png,mechanical_failure,mechanical_failure,False,"Camera module not functioning, shows black screen"
CLM-003519,/Users/brajkishoreyadav/Downloads/AiMl/ClaimGraph-AI/data/synthetic_images/claim_CLM_003519.png,mechanical_failure,mechanical_failure,False,"Device stopped turning on suddenly, no response to charging"
CLM-000734,/Users/brajkishoreyadav/Downloads/AiMl/ClaimGraph-AI/data/synthetic_images/claim_CLM_000734.png,mechanical_failure,mechanical_failure,False,"Hinge mechanism broken, screen wobbly and disconnecting"
CLM-006773,/Users/brajkishoreyadav/Downloads/AiMl/ClaimGraph-AI/data/synthetic_images/claim_CLM_006773.png,screen_damage,screen_damage,False,"Dead pixels spreading across display, started as small cluster"
CLM-006831,/Users/brajkishoreyadav/Downloads/AiMl/ClaimGraph-AI/data/synthetic_images/claim_CLM_006831.png,accidental_damage,software_issue,True,"Child dropped the device on tile floor, touchscreen unresponsive"
CLM-006183,/Users/brajkishoreyadav/Downloads/AiMl/ClaimGraph-AI/data/synthetic_images/claim_CLM_006183.png,mechanical_failure,mechanical_failure,False,"Camera module not functioning, shows black screen"
CLM-000469,/Users/brajkishoreyadav/Downloads/AiMl/ClaimGraph-AI/data/synthetic_images/claim_CLM_000469.png,screen_damage,screen_damage,False,Screen cracked from edge to edge after minor drop
CLM-003232,/Users/brajkishoreyadav/Downloads/AiMl/ClaimGraph-AI/data/synthetic_images/claim_CLM_003232.png,mechanical_failure,mechanical_failure,False,"Device stopped turning on suddenly, no response to charging"
CLM-004651,/Users/brajkishoreyadav/Downloads/AiMl/ClaimGraph-AI/data/synthetic_images/claim_CLM_004651.png,mechanical_failure,mechanical_failure,False,"Camera module not functioning, shows black screen"
CLM-004839,/Users/brajkishoreyadav/Downloads/AiMl/ClaimGraph-AI/data/synthetic_images/claim_CLM_004839.png,water_damage,water_damage,False,"Water leaked into bag during storm, device screen has water marks"
CLM-004378,/Users/brajkishoreyadav/Downloads/AiMl/ClaimGraph-AI/data/synthetic_images/claim_CLM_004378.png,battery_issue,battery_issue,False,"Device randomly shuts down, battery health shows 52%"
CLM-002307,/Users/brajkishoreyadav/Downloads/AiMl/ClaimGraph-AI/data/synthetic_images/claim_CLM_002307.png,water_damage,water_damage,False,"Water leaked into bag during storm, device screen has water marks"
CLM-002628,/Users/brajkishoreyadav/Downloads/AiMl/ClaimGraph-AI/data/synthetic_images/claim_CLM_002628.png,mechanical_failure,mechanical_failure,False,"Power button stuck, cannot turn device on or off"
CLM-001282,/Users/brajkishoreyadav/Downloads/AiMl/ClaimGraph-AI/data/synthetic_images/claim_CLM_001282.png,screen_damage,screen_damage,False,Screen cracked from edge to edge after minor drop
CLM-002200,/Users/brajkishoreyadav/Downloads/AiMl/ClaimGraph-AI/data/synthetic_images/claim_CLM_002200.png,mechanical_failure,theft,True,"Camera module not functioning, shows black screen"
CLM-000092,/Users/brajkishoreyadav/Downloads/AiMl/ClaimGraph-AI/data/synthetic_images/claim_CLM_000092.png,mechanical_failure,software_issue,True,"Speakers producing distorted sound, audio hardware failure"
CLM-003923,/Users/brajkishoreyadav/Downloads/AiMl/ClaimGraph-AI/data/synthetic_images/claim_CLM_003923.png,screen_damage,screen_damage,False,Touch screen unresponsive in bottom half after impact
CLM-001374,/Users/brajkishoreyadav/Downloads/AiMl/ClaimGraph-AI/data/synthetic_images/claim_CLM_001374.png,mechanical_failure,mechanical_failure,False,"Power button stuck, cannot turn device on or off"
CLM-003734,/Users/brajkishoreyadav/Downloads/AiMl/ClaimGraph-AI/data/synthetic_images/claim_CLM_003734.png,water_damage,water_damage,False,"Device fell into swimming pool, not turning on"
CLM-004480,/Users/brajkishoreyadav/Downloads/AiMl/ClaimGraph-AI/data/synthetic_images/claim_CLM_004480.png,screen_damage,water_damage,True,Screen cracked from edge to edge after minor drop
CLM-001657,/Users/brajkishoreyadav/Downloads/AiMl/ClaimGraph-AI/data/synthetic_images/claim_CLM_001657.png,battery_issue,battery_issue,False,"Charging takes over 8 hours for full charge, battery degraded"
CLM-004661,/Users/brajkishoreyadav/Downloads/AiMl/ClaimGraph-AI/data/synthetic_images/claim_CLM_004661.png,screen_damage,screen_damage,False,Screen separated from body at the top edge
CLM-001421,/Users/brajkishoreyadav/Downloads/AiMl/ClaimGraph-AI/data/synthetic_images/claim_CLM_001421.png,screen_damage,water_damage,True,"Dead pixels spreading across display, started as small cluster"
CLM-006602,/Users/brajkishoreyadav/Downloads/AiMl/ClaimGraph-AI/data/synthetic_images/claim_CLM_006602.png,accidental_damage,accidental_damage,False,"Device dropped on concrete floor, screen completely shattered"
CLM-006775,/Users/brajkishoreyadav/Downloads/AiMl/ClaimGraph-AI/data/synthetic_images/claim_CLM_006775.png,theft,theft,False,"Device stolen from gym locker, filed report with facility"
CLM-000382,/Users/brajkishoreyadav/Downloads/AiMl/ClaimGraph-AI/data/synthetic_images/claim_CLM_000382.png,software_issue,software_issue,False,"Device stuck in boot loop, factory reset not working"
CLM-004387,/Users/brajkishoreyadav/Downloads/AiMl/ClaimGraph-AI/data/synthetic_images/claim_CLM_004387.png,screen_damage,screen_damage,False,LCD bleeding visible on left side of screen
CLM-005229,/Users/brajkishoreyadav/Downloads/AiMl/ClaimGraph-AI/data/synthetic_images/claim_CLM_005229.png,accidental_damage,accidental_damage,False,"Device fell from pocket while running, multiple scratches and broken glass"
CLM-001546,/Users/brajkishoreyadav/Downloads/AiMl/ClaimGraph-AI/data/synthetic_images/claim_CLM_001546.png,screen_damage,screen_damage,False,Screen separated from body at the top edge
CLM-000107,/Users/brajkishoreyadav/Downloads/AiMl/ClaimGraph-AI/data/synthetic_images/claim_CLM_000107.png,water_damage,water_damage,False,"Device exposed to rain, screen flickering and touch issues"
CLM-006756,/Users/brajkishoreyadav/Downloads/AiMl/ClaimGraph-AI/data/synthetic_images/claim_CLM_006756.png,accidental_damage,accidental_damage,False,"Child dropped the device on tile floor, touchscreen unresponsive"
CLM-005534,/Users/brajkishoreyadav/Downloads/AiMl/ClaimGraph-AI/data/synthetic_images/claim_CLM_005534.png,screen_damage,screen_damage,False,LCD bleeding visible on left side of screen
CLM-006704,/Users/brajkishoreyadav/Downloads/AiMl/ClaimGraph-AI/data/synthetic_images/claim_CLM_006704.png,software_issue,software_issue,False,"Operating system corrupted after update, data inaccessible"
CLM-006443,/Users/brajkishoreyadav/Downloads/AiMl/ClaimGraph-AI/data/synthetic_images/claim_CLM_006443.png,water_damage,software_issue,True,"Device exposed to rain, screen flickering and touch issues"
CLM-006556,/Users/brajkishoreyadav/Downloads/AiMl/ClaimGraph-AI/data/synthetic_images/claim_CLM_006556.png,theft,screen_damage,True,"Device stolen from gym locker, filed report with facility"
CLM-000787,/Users/brajkishoreyadav/Downloads/AiMl/ClaimGraph-AI/data/synthetic_images/claim_CLM_000787.png,theft,theft,False,"Device stolen from gym locker, filed report with facility"
CLM-001783,/Users/brajkishoreyadav/Downloads/AiMl/ClaimGraph-AI/data/synthetic_images/claim_CLM_001783.png,theft,theft,False,"Bag with device snatched at train station, police report filed"
CLM-003690,/Users/brajkishoreyadav/Downloads/AiMl/ClaimGraph-AI/data/synthetic_images/claim_CLM_003690.png,mechanical_failure,water_damage,True,"Camera module not functioning, shows black screen"
CLM-002549,/Users/brajkishoreyadav/Downloads/AiMl/ClaimGraph-AI/data/synthetic_images/claim_CLM_002549.png,screen_damage,screen_damage,False,"Dead pixels spreading across display, started as small cluster"
CLM-006961,/Users/brajkishoreyadav/Downloads/AiMl/ClaimGraph-AI/data/synthetic_images/claim_CLM_006961.png,battery_issue,battery_issue,False,"Battery drains from 100% to 0% in 2 hours, device is 6 months old"
CLM-000501,/Users/brajkishoreyadav/Downloads/AiMl/ClaimGraph-AI/data/synthetic_images/claim_CLM_000501.png,mechanical_failure,mechanical_failure,False,"Hinge mechanism broken, screen wobbly and disconnecting"
CLM-000497,/Users/brajkishoreyadav/Downloads/AiMl/ClaimGraph-AI/data/synthetic_images/claim_CLM_000497.png,mechanical_failure,mechanical_failure,False,"Hinge mechanism broken, screen wobbly and disconnecting"
CLM-000843,/Users/brajkishoreyadav/Downloads/AiMl/ClaimGraph-AI/data/synthetic_images/claim_CLM_000843.png,water_damage,water_damage,False,"Coffee spill on device, keyboard and trackpad not working"
CLM-000322,/Users/brajkishoreyadav/Downloads/AiMl/ClaimGraph-AI/data/synthetic_images/claim_CLM_000322.png,theft,software_issue,True,"Device pickpocketed in crowded area, report #PR-80380"
CLM-001288,/Users/brajkishoreyadav/Downloads/AiMl/ClaimGraph-AI/data/synthetic_images/claim_CLM_001288.png,water_damage,water_damage,False,"Device fell into swimming pool, not turning on"
CLM-004232,/Users/brajkishoreyadav/Downloads/AiMl/ClaimGraph-AI/data/synthetic_images/claim_CLM_004232.png,accidental_damage,water_damage,True,"Child dropped the device on tile floor, touchscreen unresponsive"
CLM-004374,/Users/brajkishoreyadav/Downloads/AiMl/ClaimGraph-AI/data/synthetic_images/claim_CLM_004374.png,mechanical_failure,mechanical_failure,False,"Camera module not functioning, shows black screen"
CLM-001042,/Users/brajkishoreyadav/Downloads/AiMl/ClaimGraph-AI/data/synthetic_images/claim_CLM_001042.png,mechanical_failure,mechanical_failure,False,"Camera module not functioning, shows black screen"
CLM-004535,/Users/brajkishoreyadav/Downloads/AiMl/ClaimGraph-AI/data/synthetic_images/claim_CLM_004535.png,mechanical_failure,mechanical_failure,False,"Hinge mechanism broken, screen wobbly and disconnecting"
CLM-003626,/Users/brajkishoreyadav/Downloads/AiMl/ClaimGraph-AI/data/synthetic_images/claim_CLM_003626.png,theft,theft,False,"Device stolen from gym locker, filed report with facility"
CLM-006255,/Users/brajkishoreyadav/Downloads/AiMl/ClaimGraph-AI/data/synthetic_images/claim_CLM_006255.png,accidental_damage,water_damage,True,"Device dropped on concrete floor, screen completely shattered"
CLM-005134,/Users/brajkishoreyadav/Downloads/AiMl/ClaimGraph-AI/data/synthetic_images/claim_CLM_005134.png,water_damage,mechanical_failure,True,"Device exposed to rain, screen flickering and touch issues"
CLM-003169,/Users/brajkishoreyadav/Downloads/AiMl/ClaimGraph-AI/data/synthetic_images/claim_CLM_003169.png,accidental_damage,accidental_damage,False,"Device slipped from hand in parking lot, back panel cracked"
CLM-003474,/Users/brajkishoreyadav/Downloads/AiMl/ClaimGraph-AI/data/synthetic_images/claim_CLM_003474.png,software_issue,software_issue,False,"Device stuck in boot loop, factory reset not working"
CLM-000333,/Users/brajkishoreyadav/Downloads/AiMl/ClaimGraph-AI/data/synthetic_images/claim_CLM_000333.png,water_damage,water_damage,False,"Device fell into swimming pool, not turning on"
CLM-000545,/Users/brajkishoreyadav/Downloads/AiMl/ClaimGraph-AI/data/synthetic_images/claim_CLM_000545.png,accidental_damage,theft,True,"Device slipped from hand in parking lot, back panel cracked"
CLM-005657,/Users/brajkishoreyadav/Downloads/AiMl/ClaimGraph-AI/data/synthetic_images/claim_CLM_005657.png,theft,theft,False,"Bag with device snatched at train station, police report filed"
CLM-001927,/Users/brajkishoreyadav/Downloads/AiMl/ClaimGraph-AI/data/synthetic_images/claim_CLM_001927.png,software_issue,software_issue,False,"Device stuck in boot loop, factory reset not working"
CLM-006358,/Users/brajkishoreyadav/Downloads/AiMl/ClaimGraph-AI/data/synthetic_images/claim_CLM_006358.png,theft,theft,False,"Device stolen from gym locker, filed report with facility"
CLM-006582,/Users/brajkishoreyadav/Downloads/AiMl/ClaimGraph-AI/data/synthetic_images/claim_CLM_006582.png,mechanical_failure,mechanical_failure,False,"Device stopped turning on suddenly, no response to charging"
CLM-000577,/Users/brajkishoreyadav/Downloads/AiMl/ClaimGraph-AI/data/synthetic_images/claim_CLM_000577.png,software_issue,software_issue,False,"Firmware update bricked the device, won't boot past logo"
CLM-003542,/Users/brajkishoreyadav/Downloads/AiMl/ClaimGraph-AI/data/synthetic_images/claim_CLM_003542.png,theft,battery_issue,True,"Device pickpocketed in crowded area, report #PR-51834"
CLM-005431,/Users/brajkishoreyadav/Downloads/AiMl/ClaimGraph-AI/data/synthetic_images/claim_CLM_005431.png,accidental_damage,accidental_damage,False,"Device dropped on concrete floor, screen completely shattered"
CLM-006949,/Users/brajkishoreyadav/Downloads/AiMl/ClaimGraph-AI/data/synthetic_images/claim_CLM_006949.png,screen_damage,screen_damage,False,LCD bleeding visible on left side of screen
CLM-005599,/Users/brajkishoreyadav/Downloads/AiMl/ClaimGraph-AI/data/synthetic_images/claim_CLM_005599.png,accidental_damage,water_damage,True,"Device fell from pocket while running, multiple scratches and broken glass"
CLM-004399,/Users/brajkishoreyadav/Downloads/AiMl/ClaimGraph-AI/data/synthetic_images/claim_CLM_004399.png,mechanical_failure,mechanical_failure,False,"Hinge mechanism broken, screen wobbly and disconnecting"
CLM-004055,/Users/brajkishoreyadav/Downloads/AiMl/ClaimGraph-AI/data/synthetic_images/claim_CLM_004055.png,battery_issue,theft,True,"Battery not holding charge, shuts down at 40% randomly"
CLM-004795,/Users/brajkishoreyadav/Downloads/AiMl/ClaimGraph-AI/data/synthetic_images/claim_CLM_004795.png,theft,theft,False,"Bag with device snatched at train station, police report filed"
CLM-003300,/Users/brajkishoreyadav/Downloads/AiMl/ClaimGraph-AI/data/synthetic_images/claim_CLM_003300.png,accidental_damage,water_damage,True,"Device fell from pocket while running, multiple scratches and broken glass"
CLM-000712,/Users/brajkishoreyadav/Downloads/AiMl/ClaimGraph-AI/data/synthetic_images/claim_CLM_000712.png,software_issue,software_issue,False,"Apps crashing continuously, device unusable for work"
CLM-004546,/Users/brajkishoreyadav/Downloads/AiMl/ClaimGraph-AI/data/synthetic_images/claim_CLM_004546.png,software_issue,software_issue,False,"Device stuck in boot loop, factory reset not working"
CLM-000764,/Users/brajkishoreyadav/Downloads/AiMl/ClaimGraph-AI/data/synthetic_images/claim_CLM_000764.png,software_issue,software_issue,False,"Operating system corrupted after update, data inaccessible"
CLM-000790,/Users/brajkishoreyadav/Downloads/AiMl/ClaimGraph-AI/data/synthetic_images/claim_CLM_000790.png,battery_issue,battery_issue,False,"Battery drains from 100% to 0% in 2 hours, device is 6 months old"
CLM-005703,/Users/brajkishoreyadav/Downloads/AiMl/ClaimGraph-AI/data/synthetic_images/claim_CLM_005703.png,mechanical_failure,mechanical_failure,False,"Device stopped turning on suddenly, no response to charging"
CLM-006341,/Users/brajkishoreyadav/Downloads/AiMl/ClaimGraph-AI/data/synthetic_images/claim_CLM_006341.png,mechanical_failure,screen_damage,True,"Hinge mechanism broken, screen wobbly and disconnecting"
CLM-004840,/Users/brajkishoreyadav/Downloads/AiMl/ClaimGraph-AI/data/synthetic_images/claim_CLM_004840.png,screen_damage,screen_damage,False,LCD bleeding visible on left side of screen
CLM-003170,/Users/brajkishoreyadav/Downloads/AiMl/ClaimGraph-AI/data/synthetic_images/claim_CLM_003170.png,software_issue,software_issue,False,"Firmware update bricked the device, won't boot past logo"
CLM-000394,/Users/brajkishoreyadav/Downloads/AiMl/ClaimGraph-AI/data/synthetic_images/claim_CLM_000394.png,software_issue,screen_damage,True,"Operating system corrupted after update, data inaccessible"
CLM-001489,/Users/brajkishoreyadav/Downloads/AiMl/ClaimGraph-AI/data/synthetic_images/claim_CLM_001489.png,software_issue,software_issue,False,"Device freezing every 10 minutes, requires hard restart"
CLM-000320,/Users/brajkishoreyadav/Downloads/AiMl/ClaimGraph-AI/data/synthetic_images/claim_CLM_000320.png,mechanical_failure,mechanical_failure,False,"Device stopped turning on suddenly, no response to charging"
CLM-000626,/Users/brajkishoreyadav/Downloads/AiMl/ClaimGraph-AI/data/synthetic_images/claim_CLM_000626.png,mechanical_failure,mechanical_failure,False,"Hinge mechanism broken, screen wobbly and disconnecting"
CLM-002454,/Users/brajkishoreyadav/Downloads/AiMl/ClaimGraph-AI/data/synthetic_images/claim_CLM_002454.png,software_issue,screen_damage,True,"Device freezing every 10 minutes, requires hard restart"
CLM-001860,/Users/brajkishoreyadav/Downloads/AiMl/ClaimGraph-AI/data/synthetic_images/claim_CLM_001860.png,software_issue,software_issue,False,"Apps crashing continuously, device unusable for work"
CLM-006116,/Users/brajkishoreyadav/Downloads/AiMl/ClaimGraph-AI/data/synthetic_images/claim_CLM_006116.png,theft,theft,False,"Bag with device snatched at train station, police report filed"
CLM-000743,/Users/brajkishoreyadav/Downloads/AiMl/ClaimGraph-AI/data/synthetic_images/claim_CLM_000743.png,mechanical_failure,mechanical_failure,False,"Speakers producing distorted sound, audio hardware failure"
CLM-001942,/Users/brajkishoreyadav/Downloads/AiMl/ClaimGraph-AI/data/synthetic_images/claim_CLM_001942.png,battery_issue,battery_issue,False,"Battery drains from 100% to 0% in 2 hours, device is 6 months old"
CLM-004105,/Users/brajkishoreyadav/Downloads/AiMl/ClaimGraph-AI/data/synthetic_images/claim_CLM_004105.png,screen_damage,screen_damage,False,Screen separated from body at the top edge
CLM-001453,/Users/brajkishoreyadav/Downloads/AiMl/ClaimGraph-AI/data/synthetic_images/claim_CLM_001453.png,theft,theft,False,"Device pickpocketed in crowded area, report #PR-33807"
CLM-005150,/Users/brajkishoreyadav/Downloads/AiMl/ClaimGraph-AI/data/synthetic_images/claim_CLM_005150.png,battery_issue,battery_issue,False,"Charging takes over 8 hours for full charge, battery degraded"
CLM-007075,/Users/brajkishoreyadav/Downloads/AiMl/ClaimGraph-AI/data/synthetic_images/claim_CLM_007075.png,screen_damage,water_damage,True,"Device showing signs of damage, requesting repair coverage"
CLM-003258,/Users/brajkishoreyadav/Downloads/AiMl/ClaimGraph-AI/data/synthetic_images/claim_CLM_003258.png,water_damage,water_damage,False,"Device dropped in sink, charging port corroded"
CLM-000170,/Users/brajkishoreyadav/Downloads/AiMl/ClaimGraph-AI/data/synthetic_images/claim_CLM_000170.png,battery_issue,battery_issue,False,"Device overheating during normal use, battery swelling visible"
CLM-005247,/Users/brajkishoreyadav/Downloads/AiMl/ClaimGraph-AI/data/synthetic_images/claim_CLM_005247.png,theft,theft,False,"Bag with device snatched at train station, police report filed"
CLM-001452,/Users/brajkishoreyadav/Downloads/AiMl/ClaimGraph-AI/data/synthetic_images/claim_CLM_001452.png,software_issue,software_issue,False,"Firmware update bricked the device, won't boot past logo"
CLM-002572,/Users/brajkishoreyadav/Downloads/AiMl/ClaimGraph-AI/data/synthetic_images/claim_CLM_002572.png,software_issue,mechanical_failure,True,"Operating system corrupted after update, data inaccessible"
CLM-002198,/Users/brajkishoreyadav/Downloads/AiMl/ClaimGraph-AI/data/synthetic_images/claim_CLM_002198.png,water_damage,screen_damage,True,"Device exposed to rain, screen flickering and touch issues"
CLM-001039,/Users/brajkishoreyadav/Downloads/AiMl/ClaimGraph-AI/data/synthetic_images/claim_CLM_001039.png,software_issue,software_issue,False,"Device freezing every 10 minutes, requires hard restart"
CLM-004169,/Users/brajkishoreyadav/Downloads/AiMl/ClaimGraph-AI/data/synthetic_images/claim_CLM_004169.png,mechanical_failure,mechanical_failure,False,"Speakers producing distorted sound, audio hardware failure"
CLM-005600,/Users/brajkishoreyadav/Downloads/AiMl/ClaimGraph-AI/data/synthetic_images/claim_CLM_005600.png,theft,theft,False,"Device pickpocketed in crowded area, report #PR-21710"
CLM-007009,/Users/brajkishoreyadav/Downloads/AiMl/ClaimGraph-AI/data/synthetic_images/claim_CLM_007009.png,mechanical_failure,mechanical_failure,False,"Device requires extensive repair, major component failure"
CLM-001264,/Users/brajkishoreyadav/Downloads/AiMl/ClaimGraph-AI/data/synthetic_images/claim_CLM_001264.png,software_issue,software_issue,False,"Device stuck in boot loop, factory reset not working"
CLM-001164,/Users/brajkishoreyadav/Downloads/AiMl/ClaimGraph-AI/data/synthetic_images/claim_CLM_001164.png,water_damage,water_damage,False,"Device dropped in sink, charging port corroded"
CLM-001023,/Users/brajkishoreyadav/Downloads/AiMl/ClaimGraph-AI/data/synthetic_images/claim_CLM_001023.png,battery_issue,theft,True,"Battery drains from 100% to 0% in 2 hours, device is 6 months old"
CLM-006621,/Users/brajkishoreyadav/Downloads/AiMl/ClaimGraph-AI/data/synthetic_images/claim_CLM_006621.png,accidental_damage,accidental_damage,False,"Device fell from pocket while running, multiple scratches and broken glass"
CLM-002727,/Users/brajkishoreyadav/Downloads/AiMl/ClaimGraph-AI/data/synthetic_images/claim_CLM_002727.png,mechanical_failure,mechanical_failure,False,"Hinge mechanism broken, screen wobbly and disconnecting"
CLM-001684,/Users/brajkishoreyadav/Downloads/AiMl/ClaimGraph-AI/data/synthetic_images/claim_CLM_001684.png,software_issue,software_issue,False,"Firmware update bricked the device, won't boot past logo"
CLM-005577,/Users/brajkishoreyadav/Downloads/AiMl/ClaimGraph-AI/data/synthetic_images/claim_CLM_005577.png,software_issue,software_issue,False,"Apps crashing continuously, device unusable for work"
CLM-000180,/Users/brajkishoreyadav/Downloads/AiMl/ClaimGraph-AI/data/synthetic_images/claim_CLM_000180.png,software_issue,software_issue,False,"Operating system corrupted after update, data inaccessible"
CLM-004751,/Users/brajkishoreyadav/Downloads/AiMl/ClaimGraph-AI/data/synthetic_images/claim_CLM_004751.png,battery_issue,battery_issue,False,"Device overheating during normal use, battery swelling visible"
CLM-001920,/Users/brajkishoreyadav/Downloads/AiMl/ClaimGraph-AI/data/synthetic_images/claim_CLM_001920.png,mechanical_failure,water_damage,True,"Speakers producing distorted sound, audio hardware failure"
CLM-004141,/Users/brajkishoreyadav/Downloads/AiMl/ClaimGraph-AI/data/synthetic_images/claim_CLM_004141.png,mechanical_failure,mechanical_failure,False,"Speakers producing distorted sound, audio hardware failure"
CLM-002352,/Users/brajkishoreyadav/Downloads/AiMl/ClaimGraph-AI/data/synthetic_images/claim_CLM_002352.png,accidental_damage,accidental_damage,False,"Device slipped from hand in parking lot, back panel cracked"
CLM-005928,/Users/brajkishoreyadav/Downloads/AiMl/ClaimGraph-AI/data/synthetic_images/claim_CLM_005928.png,water_damage,mechanical_failure,True,"Coffee spill on device, keyboard and trackpad not working"
CLM-002419,/Users/brajkishoreyadav/Downloads/AiMl/ClaimGraph-AI/data/synthetic_images/claim_CLM_002419.png,software_issue,software_issue,False,"Operating system corrupted after update, data inaccessible"
CLM-004849,/Users/brajkishoreyadav/Downloads/AiMl/ClaimGraph-AI/data/synthetic_images/claim_CLM_004849.png,battery_issue,battery_issue,False,"Device randomly shuts down, battery health shows 52%"
CLM-000032,/Users/brajkishoreyadav/Downloads/AiMl/ClaimGraph-AI/data/synthetic_images/claim_CLM_000032.png,battery_issue,mechanical_failure,True,"Device overheating during normal use, battery swelling visible"
CLM-005203,/Users/brajkishoreyadav/Downloads/AiMl/ClaimGraph-AI/data/synthetic_images/claim_CLM_005203.png,accidental_damage,accidental_damage,False,"Device dropped on concrete floor, screen completely shattered"
CLM-003969,/Users/brajkishoreyadav/Downloads/AiMl/ClaimGraph-AI/data/synthetic_images/claim_CLM_003969.png,screen_damage,screen_damage,False,"Dead pixels spreading across display, started as small cluster"
CLM-006892,/Users/brajkishoreyadav/Downloads/AiMl/ClaimGraph-AI/data/synthetic_images/claim_CLM_006892.png,accidental_damage,accidental_damage,False,"Device slipped from hand in parking lot, back panel cracked"
CLM-001651,/Users/brajkishoreyadav/Downloads/AiMl/ClaimGraph-AI/data/synthetic_images/claim_CLM_001651.png,software_issue,software_issue,False,"Apps crashing continuously, device unusable for work"
CLM-000684,/Users/brajkishoreyadav/Downloads/AiMl/ClaimGraph-AI/data/synthetic_images/claim_CLM_000684.png,mechanical_failure,mechanical_failure,False,"Device stopped turning on suddenly, no response to charging"
CLM-000169,/Users/brajkishoreyadav/Downloads/AiMl/ClaimGraph-AI/data/synthetic_images/claim_CLM_000169.png,battery_issue,battery_issue,False,"Battery drains from 100% to 0% in 2 hours, device is 6 months old"
CLM-004562,/Users/brajkishoreyadav/Downloads/AiMl/ClaimGraph-AI/data/synthetic_images/claim_CLM_004562.png,theft,theft,False,"Device stolen from car, filed police report #PR-71332"
CLM-004891,/Users/brajkishoreyadav/Downloads/AiMl/ClaimGraph-AI/data/synthetic_images/claim_CLM_004891.png,water_damage,water_damage,False,"Device dropped in sink, charging port corroded"
CLM-006738,/Users/brajkishoreyadav/Downloads/AiMl/ClaimGraph-AI/data/synthetic_images/claim_CLM_006738.png,software_issue,battery_issue,True,"Firmware update bricked the device, won't boot past logo"
CLM-001243,/Users/brajkishoreyadav/Downloads/AiMl/ClaimGraph-AI/data/synthetic_images/claim_CLM_001243.png,theft,accidental_damage,True,"Device stolen from gym locker, filed report with facility"
CLM-006108,/Users/brajkishoreyadav/Downloads/AiMl/ClaimGraph-AI/data/synthetic_images/claim_CLM_006108.png,screen_damage,screen_damage,False,Screen cracked from edge to edge after minor drop
CLM-002182,/Users/brajkishoreyadav/Downloads/AiMl/ClaimGraph-AI/data/synthetic_images/claim_CLM_002182.png,mechanical_failure,mechanical_failure,False,"Hinge mechanism broken, screen wobbly and disconnecting"
CLM-002440,/Users/brajkishoreyadav/Downloads/AiMl/ClaimGraph-AI/data/synthetic_images/claim_CLM_002440.png,water_damage,water_damage,False,"Device fell into swimming pool, not turning on"
CLM-001193,/Users/brajkishoreyadav/Downloads/AiMl/ClaimGraph-AI/data/synthetic_images/claim_CLM_001193.png,software_issue,software_issue,False,"Apps crashing continuously, device unusable for work"
CLM-002790,/Users/brajkishoreyadav/Downloads/AiMl/ClaimGraph-AI/data/synthetic_images/claim_CLM_002790.png,theft,theft,False,"Bag with device snatched at train station, police report filed"
CLM-003287,/Users/brajkishoreyadav/Downloads/AiMl/ClaimGraph-AI/data/synthetic_images/claim_CLM_003287.png,water_damage,water_damage,False,"Device fell into swimming pool, not turning on"
CLM-004903,/Users/brajkishoreyadav/Downloads/AiMl/ClaimGraph-AI/data/synthetic_images/claim_CLM_004903.png,theft,theft,False,"Device stolen from gym locker, filed report with facility"
CLM-004079,/Users/brajkishoreyadav/Downloads/AiMl/ClaimGraph-AI/data/synthetic_images/claim_CLM_004079.png,battery_issue,battery_issue,False,"Device overheating during normal use, battery swelling visible"
CLM-003735,/Users/brajkishoreyadav/Downloads/AiMl/ClaimGraph-AI/data/synthetic_images/claim_CLM_003735.png,mechanical_failure,mechanical_failure,False,"Hinge mechanism broken, screen wobbly and disconnecting"
CLM-003498,/Users/brajkishoreyadav/Downloads/AiMl/ClaimGraph-AI/data/synthetic_images/claim_CLM_003498.png,accidental_damage,accidental_damage,False,"Device fell from pocket while running, multiple scratches and broken glass"
CLM-001116,/Users/brajkishoreyadav/Downloads/AiMl/ClaimGraph-AI/data/synthetic_images/claim_CLM_001116.png,mechanical_failure,mechanical_failure,False,"Speakers producing distorted sound, audio hardware failure"
CLM-004942,/Users/brajkishoreyadav/Downloads/AiMl/ClaimGraph-AI/data/synthetic_images/claim_CLM_004942.png,screen_damage,screen_damage,False,Touch screen unresponsive in bottom half after impact
CLM-003652,/Users/brajkishoreyadav/Downloads/AiMl/ClaimGraph-AI/data/synthetic_images/claim_CLM_003652.png,water_damage,water_damage,False,"Device fell into swimming pool, not turning on"
CLM-006793,/Users/brajkishoreyadav/Downloads/AiMl/ClaimGraph-AI/data/synthetic_images/claim_CLM_006793.png,water_damage,water_damage,False,"Device exposed to rain, screen flickering and touch issues"
CLM-002155,/Users/brajkishoreyadav/Downloads/AiMl/ClaimGraph-AI/data/synthetic_images/claim_CLM_002155.png,accidental_damage,accidental_damage,False,"Child dropped the device on tile floor, touchscreen unresponsive"
CLM-002909,/Users/brajkishoreyadav/Downloads/AiMl/ClaimGraph-AI/data/synthetic_images/claim_CLM_002909.png,battery_issue,battery_issue,False,"Battery drains from 100% to 0% in 2 hours, device is 6 months old"
CLM-005621,/Users/brajkishoreyadav/Downloads/AiMl/ClaimGraph-AI/data/synthetic_images/claim_CLM_005621.png,screen_damage,screen_damage,False,"Dead pixels spreading across display, started as small cluster"
CLM-006422,/Users/brajkishoreyadav/Downloads/AiMl/ClaimGraph-AI/data/synthetic_images/claim_CLM_006422.png,screen_damage,screen_damage,False,Screen cracked from edge to edge after minor drop
CLM-006870,/Users/brajkishoreyadav/Downloads/AiMl/ClaimGraph-AI/data/synthetic_images/claim_CLM_006870.png,screen_damage,screen_damage,False,"Dead pixels spreading across display, started as small cluster"
CLM-002485,/Users/brajkishoreyadav/Downloads/AiMl/ClaimGraph-AI/data/synthetic_images/claim_CLM_002485.png,mechanical_failure,mechanical_failure,False,"Hinge mechanism broken, screen wobbly and disconnecting"
CLM-004944,/Users/brajkishoreyadav/Downloads/AiMl/ClaimGraph-AI/data/synthetic_images/claim_CLM_004944.png,battery_issue,battery_issue,False,"Device randomly shuts down, battery health shows 52%"
CLM-005947,/Users/brajkishoreyadav/Downloads/AiMl/ClaimGraph-AI/data/synthetic_images/claim_CLM_005947.png,theft,theft,False,"Device stolen from gym locker, filed report with facility"
CLM-004991,/Users/brajkishoreyadav/Downloads/AiMl/ClaimGraph-AI/data/synthetic_images/claim_CLM_004991.png,water_damage,water_damage,False,"Device fell into swimming pool, not turning on"
CLM-006432,/Users/brajkishoreyadav/Downloads/AiMl/ClaimGraph-AI/data/synthetic_images/claim_CLM_006432.png,screen_damage,screen_damage,False,Screen separated from body at the top edge
CLM-002927,/Users/brajkishoreyadav/Downloads/AiMl/ClaimGraph-AI/data/synthetic_images/claim_CLM_002927.png,screen_damage,screen_damage,False,LCD bleeding visible on left side of screen
CLM-000438,/Users/brajkishoreyadav/Downloads/AiMl/ClaimGraph-AI/data/synthetic_images/claim_CLM_000438.png,screen_damage,water_damage,True,Touch screen unresponsive in bottom half after impact
CLM-001877,/Users/brajkishoreyadav/Downloads/AiMl/ClaimGraph-AI/data/synthetic_images/claim_CLM_001877.png,software_issue,software_issue,False,"Device freezing every 10 minutes, requires hard restart"
CLM-005177,/Users/brajkishoreyadav/Downloads/AiMl/ClaimGraph-AI/data/synthetic_images/claim_CLM_005177.png,accidental_damage,accidental_damage,False,"Device fell from pocket while running, multiple scratches and broken glass"
CLM-002996,/Users/brajkishoreyadav/Downloads/AiMl/ClaimGraph-AI/data/synthetic_images/claim_CLM_002996.png,theft,battery_issue,True,"Device stolen from car, filed police report #PR-65275"
CLM-001376,/Users/brajkishoreyadav/Downloads/AiMl/ClaimGraph-AI/data/synthetic_images/claim_CLM_001376.png,software_issue,battery_issue,True,"Device freezing every 10 minutes, requires hard restart"
CLM-006357,/Users/brajkishoreyadav/Downloads/AiMl/ClaimGraph-AI/data/synthetic_images/claim_CLM_006357.png,battery_issue,theft,True,"Device overheating during normal use, battery swelling visible"
CLM-000586,/Users/brajkishoreyadav/Downloads/AiMl/ClaimGraph-AI/data/synthetic_images/claim_CLM_000586.png,screen_damage,screen_damage,False,Screen separated from body at the top edge
CLM-001663,/Users/brajkishoreyadav/Downloads/AiMl/ClaimGraph-AI/data/synthetic_images/claim_CLM_001663.png,mechanical_failure,accidental_damage,True,"Speakers producing distorted sound, audio hardware failure"
CLM-006179,/Users/brajkishoreyadav/Downloads/AiMl/ClaimGraph-AI/data/synthetic_images/claim_CLM_006179.png,mechanical_failure,mechanical_failure,False,"Camera module not functioning, shows black screen"
CLM-003837,/Users/brajkishoreyadav/Downloads/AiMl/ClaimGraph-AI/data/synthetic_images/claim_CLM_003837.png,software_issue,screen_damage,True,"Device freezing every 10 minutes, requires hard restart"
CLM-006078,/Users/brajkishoreyadav/Downloads/AiMl/ClaimGraph-AI/data/synthetic_images/claim_CLM_006078.png,software_issue,software_issue,False,"Operating system corrupted after update, data inaccessible"
CLM-002719,/Users/brajkishoreyadav/Downloads/AiMl/ClaimGraph-AI/data/synthetic_images/claim_CLM_002719.png,accidental_damage,accidental_damage,False,"Device slipped from hand in parking lot, back panel cracked"
CLM-005246,/Users/brajkishoreyadav/Downloads/AiMl/ClaimGraph-AI/data/synthetic_images/claim_CLM_005246.png,mechanical_failure,mechanical_failure,False,"Camera module not functioning, shows black screen"
CLM-002729,/Users/brajkishoreyadav/Downloads/AiMl/ClaimGraph-AI/data/synthetic_images/claim_CLM_002729.png,battery_issue,battery_issue,False,"Battery not holding charge, shuts down at 40% randomly"
CLM-006497,/Users/brajkishoreyadav/Downloads/AiMl/ClaimGraph-AI/data/synthetic_images/claim_CLM_006497.png,theft,theft,False,"Device stolen from car, filed police report #PR-98395"
CLM-003438,/Users/brajkishoreyadav/Downloads/AiMl/ClaimGraph-AI/data/synthetic_images/claim_CLM_003438.png,mechanical_failure,mechanical_failure,False,"Power button stuck, cannot turn device on or off"
CLM-001653,/Users/brajkishoreyadav/Downloads/AiMl/ClaimGraph-AI/data/synthetic_images/claim_CLM_001653.png,screen_damage,screen_damage,False,Touch screen unresponsive in bottom half after impact
CLM-005824,/Users/brajkishoreyadav/Downloads/AiMl/ClaimGraph-AI/data/synthetic_images/claim_CLM_005824.png,screen_damage,screen_damage,False,Touch screen unresponsive in bottom half after impact
CLM-001946,/Users/brajkishoreyadav/Downloads/AiMl/ClaimGraph-AI/data/synthetic_images/claim_CLM_001946.png,battery_issue,software_issue,True,"Battery drains from 100% to 0% in 2 hours, device is 6 months old"
CLM-000081,/Users/brajkishoreyadav/Downloads/AiMl/ClaimGraph-AI/data/synthetic_images/claim_CLM_000081.png,water_damage,water_damage,False,"Device dropped in sink, charging port corroded"
CLM-005292,/Users/brajkishoreyadav/Downloads/AiMl/ClaimGraph-AI/data/synthetic_images/claim_CLM_005292.png,software_issue,software_issue,False,"Device freezing every 10 minutes, requires hard restart"
CLM-005161,/Users/brajkishoreyadav/Downloads/AiMl/ClaimGraph-AI/data/synthetic_images/claim_CLM_005161.png,water_damage,water_damage,False,"Device exposed to rain, screen flickering and touch issues"
CLM-005056,/Users/brajkishoreyadav/Downloads/AiMl/ClaimGraph-AI/data/synthetic_images/claim_CLM_005056.png,water_damage,accidental_damage,True,"Device dropped in sink, charging port corroded"
CLM-002551,/Users/brajkishoreyadav/Downloads/AiMl/ClaimGraph-AI/data/synthetic_images/claim_CLM_002551.png,mechanical_failure,mechanical_failure,False,"Power button stuck, cannot turn device on or off"
CLM-000096,/Users/brajkishoreyadav/Downloads/AiMl/ClaimGraph-AI/data/synthetic_images/claim_CLM_000096.png,mechanical_failure,mechanical_failure,False,"Hinge mechanism broken, screen wobbly and disconnecting"
CLM-002019,/Users/brajkishoreyadav/Downloads/AiMl/ClaimGraph-AI/data/synthetic_images/claim_CLM_002019.png,software_issue,software_issue,False,"Apps crashing continuously, device unusable for work"
CLM-005977,/Users/brajkishoreyadav/Downloads/AiMl/ClaimGraph-AI/data/synthetic_images/claim_CLM_005977.png,theft,theft,False,"Home burglary, device among stolen items, police report #PR-78341"
CLM-003584,/Users/brajkishoreyadav/Downloads/AiMl/ClaimGraph-AI/data/synthetic_images/claim_CLM_003584.png,mechanical_failure,mechanical_failure,False,"Device stopped turning on suddenly, no response to charging"
CLM-005919,/Users/brajkishoreyadav/Downloads/AiMl/ClaimGraph-AI/data/synthetic_images/claim_CLM_005919.png,software_issue,software_issue,False,"Device freezing every 10 minutes, requires hard restart"
CLM-004487,/Users/brajkishoreyadav/Downloads/AiMl/ClaimGraph-AI/data/synthetic_images/claim_CLM_004487.png,mechanical_failure,screen_damage,True,"Power button stuck, cannot turn device on or off"
CLM-001500,/Users/brajkishoreyadav/Downloads/AiMl/ClaimGraph-AI/data/synthetic_images/claim_CLM_001500.png,theft,theft,False,"Home burglary, device among stolen items, police report #PR-62064"
CLM-002670,/Users/brajkishoreyadav/Downloads/AiMl/ClaimGraph-AI/data/synthetic_images/claim_CLM_002670.png,water_damage,water_damage,False,"Coffee spill on device, keyboard and trackpad not working"
CLM-004300,/Users/brajkishoreyadav/Downloads/AiMl/ClaimGraph-AI/data/synthetic_images/claim_CLM_004300.png,software_issue,software_issue,False,"Firmware update bricked the device, won't boot past logo"
CLM-002532,/Users/brajkishoreyadav/Downloads/AiMl/ClaimGraph-AI/data/synthetic_images/claim_CLM_002532.png,accidental_damage,software_issue,True,"Accidentally knocked device off table, dent on corner and screen crack"
CLM-004119,/Users/brajkishoreyadav/Downloads/AiMl/ClaimGraph-AI/data/synthetic_images/claim_CLM_004119.png,water_damage,software_issue,True,"Device dropped in sink, charging port corroded"
CLM-002604,/Users/brajkishoreyadav/Downloads/AiMl/ClaimGraph-AI/data/synthetic_images/claim_CLM_002604.png,theft,theft,False,"Home burglary, device among stolen items, police report #PR-39526"
CLM-001182,/Users/brajkishoreyadav/Downloads/AiMl/ClaimGraph-AI/data/synthetic_images/claim_CLM_001182.png,theft,theft,False,"Home burglary, device among stolen items, police report #PR-88240"
CLM-005373,/Users/brajkishoreyadav/Downloads/AiMl/ClaimGraph-AI/data/synthetic_images/claim_CLM_005373.png,battery_issue,battery_issue,False,"Battery not holding charge, shuts down at 40% randomly"
CLM-003774,/Users/brajkishoreyadav/Downloads/AiMl/ClaimGraph-AI/data/synthetic_images/claim_CLM_003774.png,water_damage,water_damage,False,"Device dropped in sink, charging port corroded"
CLM-006029,/Users/brajkishoreyadav/Downloads/AiMl/ClaimGraph-AI/data/synthetic_images/claim_CLM_006029.png,theft,theft,False,"Device stolen from gym locker, filed report with facility"
CLM-006817,/Users/brajkishoreyadav/Downloads/AiMl/ClaimGraph-AI/data/synthetic_images/claim_CLM_006817.png,theft,theft,False,"Device stolen from gym locker, filed report with facility"
CLM-007057,/Users/brajkishoreyadav/Downloads/AiMl/ClaimGraph-AI/data/synthetic_images/claim_CLM_007057.png,accidental_damage,screen_damage,True,"Device showing signs of damage, requesting repair coverage"
CLM-002167,/Users/brajkishoreyadav/Downloads/AiMl/ClaimGraph-AI/data/synthetic_images/claim_CLM_002167.png,theft,theft,False,"Device stolen from gym locker, filed report with facility"
CLM-001913,/Users/brajkishoreyadav/Downloads/AiMl/ClaimGraph-AI/data/synthetic_images/claim_CLM_001913.png,screen_damage,screen_damage,False,Touch screen unresponsive in bottom half after impact
CLM-004405,/Users/brajkishoreyadav/Downloads/AiMl/ClaimGraph-AI/data/synthetic_images/claim_CLM_004405.png,water_damage,water_damage,False,"Water leaked into bag during storm, device screen has water marks"
CLM-000713,/Users/brajkishoreyadav/Downloads/AiMl/ClaimGraph-AI/data/synthetic_images/claim_CLM_000713.png,software_issue,software_issue,False,"Device freezing every 10 minutes, requires hard restart"
CLM-003019,/Users/brajkishoreyadav/Downloads/AiMl/ClaimGraph-AI/data/synthetic_images/claim_CLM_003019.png,screen_damage,screen_damage,False,"Dead pixels spreading across display, started as small cluster"
CLM-005592,/Users/brajkishoreyadav/Downloads/AiMl/ClaimGraph-AI/data/synthetic_images/claim_CLM_005592.png,water_damage,water_damage,False,"Coffee spill on device, keyboard and trackpad not working"
CLM-004173,/Users/brajkishoreyadav/Downloads/AiMl/ClaimGraph-AI/data/synthetic_images/claim_CLM_004173.png,mechanical_failure,mechanical_failure,False,"Device stopped turning on suddenly, no response to charging"
CLM-002185,/Users/brajkishoreyadav/Downloads/AiMl/ClaimGraph-AI/data/synthetic_images/claim_CLM_002185.png,screen_damage,screen_damage,False,Screen cracked from edge to edge after minor drop
CLM-005551,/Users/brajkishoreyadav/Downloads/AiMl/ClaimGraph-AI/data/synthetic_images/claim_CLM_005551.png,theft,screen_damage,True,"Home burglary, device among stolen items, police report #PR-17868"
CLM-004428,/Users/brajkishoreyadav/Downloads/AiMl/ClaimGraph-AI/data/synthetic_images/claim_CLM_004428.png,battery_issue,battery_issue,False,"Battery drains from 100% to 0% in 2 hours, device is 6 months old"
CLM-003766,/Users/brajkishoreyadav/Downloads/AiMl/ClaimGraph-AI/data/synthetic_images/claim_CLM_003766.png,theft,theft,False,"Bag with device snatched at train station, police report filed"
CLM-003483,/Users/brajkishoreyadav/Downloads/AiMl/ClaimGraph-AI/data/synthetic_images/claim_CLM_003483.png,screen_damage,software_issue,True,Touch screen unresponsive in bottom half after impact
CLM-004267,/Users/brajkishoreyadav/Downloads/AiMl/ClaimGraph-AI/data/synthetic_images/claim_CLM_004267.png,water_damage,water_damage,False,"Coffee spill on device, keyboard and trackpad not working"
CLM-002782,/Users/brajkishoreyadav/Downloads/AiMl/ClaimGraph-AI/data/synthetic_images/claim_CLM_002782.png,software_issue,software_issue,False,"Device freezing every 10 minutes, requires hard restart"
CLM-000512,/Users/brajkishoreyadav/Downloads/AiMl/ClaimGraph-AI/data/synthetic_images/claim_CLM_000512.png,software_issue,software_issue,False,"Device stuck in boot loop, factory reset not working"
CLM-002165,/Users/brajkishoreyadav/Downloads/AiMl/ClaimGraph-AI/data/synthetic_images/claim_CLM_002165.png,screen_damage,screen_damage,False,Screen separated from body at the top edge
CLM-002535,/Users/brajkishoreyadav/Downloads/AiMl/ClaimGraph-AI/data/synthetic_images/claim_CLM_002535.png,mechanical_failure,mechanical_failure,False,"Device stopped turning on suddenly, no response to charging"
CLM-004190,/Users/brajkishoreyadav/Downloads/AiMl/ClaimGraph-AI/data/synthetic_images/claim_CLM_004190.png,battery_issue,battery_issue,False,"Battery not holding charge, shuts down at 40% randomly"
CLM-001704,/Users/brajkishoreyadav/Downloads/AiMl/ClaimGraph-AI/data/synthetic_images/claim_CLM_001704.png,mechanical_failure,mechanical_failure,False,"Power button stuck, cannot turn device on or off"
CLM-006722,/Users/brajkishoreyadav/Downloads/AiMl/ClaimGraph-AI/data/synthetic_images/claim_CLM_006722.png,mechanical_failure,mechanical_failure,False,"Power button stuck, cannot turn device on or off"
CLM-003732,/Users/brajkishoreyadav/Downloads/AiMl/ClaimGraph-AI/data/synthetic_images/claim_CLM_003732.png,mechanical_failure,mechanical_failure,False,"Camera module not functioning, shows black screen"
CLM-005786,/Users/brajkishoreyadav/Downloads/AiMl/ClaimGraph-AI/data/synthetic_images/claim_CLM_005786.png,mechanical_failure,mechanical_failure,False,"Hinge mechanism broken, screen wobbly and disconnecting"
CLM-006835,/Users/brajkishoreyadav/Downloads/AiMl/ClaimGraph-AI/data/synthetic_images/claim_CLM_006835.png,software_issue,software_issue,False,"Device freezing every 10 minutes, requires hard restart"
CLM-002349,/Users/brajkishoreyadav/Downloads/AiMl/ClaimGraph-AI/data/synthetic_images/claim_CLM_002349.png,theft,theft,False,"Bag with device snatched at train station, police report filed"
CLM-004191,/Users/brajkishoreyadav/Downloads/AiMl/ClaimGraph-AI/data/synthetic_images/claim_CLM_004191.png,water_damage,water_damage,False,"Device exposed to rain, screen flickering and touch issues"
CLM-001021,/Users/brajkishoreyadav/Downloads/AiMl/ClaimGraph-AI/data/synthetic_images/claim_CLM_001021.png,theft,theft,False,"Device stolen from gym locker, filed report with facility"
CLM-003564,/Users/brajkishoreyadav/Downloads/AiMl/ClaimGraph-AI/data/synthetic_images/claim_CLM_003564.png,accidental_damage,accidental_damage,False,"Device slipped from hand in parking lot, back panel cracked"
CLM-004835,/Users/brajkishoreyadav/Downloads/AiMl/ClaimGraph-AI/data/synthetic_images/claim_CLM_004835.png,screen_damage,accidental_damage,True,Touch screen unresponsive in bottom half after impact
CLM-001833,/Users/brajkishoreyadav/Downloads/AiMl/ClaimGraph-AI/data/synthetic_images/claim_CLM_001833.png,theft,theft,False,"Home burglary, device among stolen items, police report #PR-20571"
CLM-004901,/Users/brajkishoreyadav/Downloads/AiMl/ClaimGraph-AI/data/synthetic_images/claim_CLM_004901.png,water_damage,water_damage,False,"Device dropped in sink, charging port corroded"
CLM-001076,/Users/brajkishoreyadav/Downloads/AiMl/ClaimGraph-AI/data/synthetic_images/claim_CLM_001076.png,screen_damage,screen_damage,False,Touch screen unresponsive in bottom half after impact
CLM-004933,/Users/brajkishoreyadav/Downloads/AiMl/ClaimGraph-AI/data/synthetic_images/claim_CLM_004933.png,battery_issue,battery_issue,False,"Battery drains from 100% to 0% in 2 hours, device is 6 months old"
CLM-001635,/Users/brajkishoreyadav/Downloads/AiMl/ClaimGraph-AI/data/synthetic_images/claim_CLM_001635.png,accidental_damage,accidental_damage,False,"Device fell from pocket while running, multiple scratches and broken glass"
CLM-002226,/Users/brajkishoreyadav/Downloads/AiMl/ClaimGraph-AI/data/synthetic_images/claim_CLM_002226.png,water_damage,water_damage,False,"Coffee spill on device, keyboard and trackpad not working"
CLM-004609,/Users/brajkishoreyadav/Downloads/AiMl/ClaimGraph-AI/data/synthetic_images/claim_CLM_004609.png,accidental_damage,mechanical_failure,True,"Child dropped the device on tile floor, touchscreen unresponsive"
CLM-000473,/Users/brajkishoreyadav/Downloads/AiMl/ClaimGraph-AI/data/synthetic_images/claim_CLM_000473.png,software_issue,software_issue,False,"Operating system corrupted after update, data inaccessible"
CLM-001508,/Users/brajkishoreyadav/Downloads/AiMl/ClaimGraph-AI/data/synthetic_images/claim_CLM_001508.png,accidental_damage,theft,True,"Device slipped from hand in parking lot, back panel cracked"
CLM-006011,/Users/brajkishoreyadav/Downloads/AiMl/ClaimGraph-AI/data/synthetic_images/claim_CLM_006011.png,software_issue,software_issue,False,"Apps crashing continuously, device unusable for work"
CLM-001784,/Users/brajkishoreyadav/Downloads/AiMl/ClaimGraph-AI/data/synthetic_images/claim_CLM_001784.png,software_issue,software_issue,False,"Device stuck in boot loop, factory reset not working"
CLM-002127,/Users/brajkishoreyadav/Downloads/AiMl/ClaimGraph-AI/data/synthetic_images/claim_CLM_002127.png,water_damage,water_damage,False,"Device dropped in sink, charging port corroded"
CLM-001080,/Users/brajkishoreyadav/Downloads/AiMl/ClaimGraph-AI/data/synthetic_images/claim_CLM_001080.png,water_damage,battery_issue,True,"Coffee spill on device, keyboard and trackpad not working"
CLM-003493,/Users/brajkishoreyadav/Downloads/AiMl/ClaimGraph-AI/data/synthetic_images/claim_CLM_003493.png,mechanical_failure,mechanical_failure,False,"Device stopped turning on suddenly, no response to charging"
CLM-003709,/Users/brajkishoreyadav/Downloads/AiMl/ClaimGraph-AI/data/synthetic_images/claim_CLM_003709.png,battery_issue,battery_issue,False,"Charging takes over 8 hours for full charge, battery degraded"
CLM-005286,/Users/brajkishoreyadav/Downloads/AiMl/ClaimGraph-AI/data/synthetic_images/claim_CLM_005286.png,water_damage,water_damage,False,"Device fell into swimming pool, not turning on"
CLM-001222,/Users/brajkishoreyadav/Downloads/AiMl/ClaimGraph-AI/data/synthetic_images/claim_CLM_001222.png,software_issue,software_issue,False,"Device stuck in boot loop, factory reset not working"
CLM-002945,/Users/brajkishoreyadav/Downloads/AiMl/ClaimGraph-AI/data/synthetic_images/claim_CLM_002945.png,screen_damage,accidental_damage,True,"Dead pixels spreading across display, started as small cluster"
CLM-006650,/Users/brajkishoreyadav/Downloads/AiMl/ClaimGraph-AI/data/synthetic_images/claim_CLM_006650.png,screen_damage,screen_damage,False,Touch screen unresponsive in bottom half after impact
CLM-003893,/Users/brajkishoreyadav/Downloads/AiMl/ClaimGraph-AI/data/synthetic_images/claim_CLM_003893.png,mechanical_failure,mechanical_failure,False,"Device stopped turning on suddenly, no response to charging"
CLM-002993,/Users/brajkishoreyadav/Downloads/AiMl/ClaimGraph-AI/data/synthetic_images/claim_CLM_002993.png,software_issue,software_issue,False,"Apps crashing continuously, device unusable for work"
CLM-003997,/Users/brajkishoreyadav/Downloads/AiMl/ClaimGraph-AI/data/synthetic_images/claim_CLM_003997.png,theft,theft,False,"Device stolen from gym locker, filed report with facility"
CLM-004358,/Users/brajkishoreyadav/Downloads/AiMl/ClaimGraph-AI/data/synthetic_images/claim_CLM_004358.png,theft,theft,False,"Bag with device snatched at train station, police report filed"
CLM-003687,/Users/brajkishoreyadav/Downloads/AiMl/ClaimGraph-AI/data/synthetic_images/claim_CLM_003687.png,theft,theft,False,"Device stolen from gym locker, filed report with facility"
